title;regular_price;meta:unit;meta:sqm_per_unit;images;description;short_description;sku;meta:color;meta:length;meta:width;meta:toplayer_height;meta:height;meta:dessin;meta:type;meta:weight_per_sqm;meta:way_of_application;brand;collection;serie;categories;https://test.vloerenraamdecor.nl/import-images/ambiant/description/main_image/description_thumb.jpg
Sentima Beige;29.95;;5.02;;6011.8311.1.9;;8717003411598';Beige;121.9;22.9;0.3;2;;;;;Ambiant;Sentima;;"Vloeren > PVC Vloeren > Ambiant > Sentima; Vloeren > PVC Vloeren > Ambiant; Vloeren > PVC Vloeren; Vloeren";https://test.vloerenraamdecor.nl/import-images/ambiant/6011831119/main_image/6011831119_thumb.jpg
Sentima Dark oak;29.95;;5.02;;6011.8310.1.9;;8717003411581';Dark oak;121.9;22.9;0.3;2;;;;;Ambiant;Sentima;;"Vloeren > PVC Vloeren > Ambiant > Sentima; Vloeren > PVC Vloeren > Ambiant; Vloeren > PVC Vloeren; Vloeren";https://test.vloerenraamdecor.nl/import-images/ambiant/6011831019/main_image/6011831019_thumb.jpg
Sentima Natural oak;29.95;;5.02;;6011.8313.1.9;;'8717003411611';Natural oak;121.9;22.9;0.3;2;;;;;Ambiant;Sentima;;"Vloeren > PVC Vloeren > Ambiant > Sentima; Vloeren > PVC Vloeren > Ambiant; Vloeren > PVC Vloeren; Vloeren";https://test.vloerenraamdecor.nl/import-images/ambiant/6011831319/main_image/6011831319_thumb.jpg
Sentima smoky;29.95;;5.02;;6011.8312.1.9;;'8717003411604';Smoky;121.9;22.9;0.3;2;;;;;Ambiant;Sentima;;"Vloeren > PVC Vloeren > Ambiant > Sentima; Vloeren > PVC Vloeren > Ambiant; Vloeren > PVC Vloeren; Vloeren";https://test.vloerenraamdecor.nl/import-images/ambiant/6011831219/main_image/6011831219_thumb.jpg
Venera Beige;29.95;;4.1;;6311.8512.1.9;;'8717003411741';Beige;122.9;23.8;0.3;2;;;;;Ambiant;Venera;;"Vloeren > PVC Vloeren > Ambiant > Venera; Vloeren > PVC Vloeren > Ambiant; Vloeren > PVC Vloeren; Vloeren";https://test.vloerenraamdecor.nl/import-images/ambiant/6311851219/main_image/6311851219_thumb.jpg
Venera Dark oak;29.95;;4.1;;6311.8511.1.9;;'8717003411734';Dark oak;122.9;23.8;0.3;2;;;;;Ambiant;Venera;;"Vloeren > PVC Vloeren > Ambiant > Venera; Vloeren > PVC Vloeren > Ambiant; Vloeren > PVC Vloeren; Vloeren";https://test.vloerenraamdecor.nl/import-images/ambiant/6311851119/main_image/6311851119_thumb.jpg
Venera Natural oak;29.95;;4.1;;6311.8513.1.9;;'8717003411758';Natural oak;122.9;23.8;0.3;2;;;;;Ambiant;Venera;;"Vloeren > PVC Vloeren > Ambiant > Venera; Vloeren > PVC Vloeren > Ambiant; Vloeren > PVC Vloeren; Vloeren";https://test.vloerenraamdecor.nl/import-images/ambiant/6311851319/main_image/6311851319_thumb.jpg
Venera Smoky;29.95;;4.1;;6311.8510.1.9;;'8717003411727';Smoky;122.9;23.8;0.3;2;;;;;Ambiant;Venera;;"Vloeren > PVC Vloeren > Ambiant > Venera; Vloeren > PVC Vloeren > Ambiant; Vloeren > PVC Vloeren; Vloeren";https://test.vloerenraamdecor.nl/import-images/ambiant/6311851019/main_image/6311851019_thumb.jpg
Navaro Beige;37.95;;4.46;;6811.7510.1.9;;'8717003412205';Beige;121.9;22.9;0.55;2.5;;;;;Ambiant;Navaro;;"Vloeren > PVC Vloeren > Ambiant > Navaro; Vloeren > PVC Vloeren > Ambiant; Vloeren > PVC Vloeren; Vloeren";https://test.vloerenraamdecor.nl/import-images/ambiant/6811751019/main_image/6811751019_thumb.jpg
Navaro Dark oak;37.95;;4.46;;6811.7511.1.9;;'8717003412212';Dark oak;121.9;22.9;0.55;2.5;;;;;Ambiant;Navaro;;"Vloeren > PVC Vloeren > Ambiant > Navaro; Vloeren > PVC Vloeren > Ambiant; Vloeren > PVC Vloeren; Vloeren";https://test.vloerenraamdecor.nl/import-images/ambiant/6811751119/main_image/6811751119_thumb.jpg
Navaro Light oak;37.95;;4.46;;6811.7513.1.9;;'8717003412236';Light oak;121.9;22.9;0.55;2.5;;;;;Ambiant;Navaro;;"Vloeren > PVC Vloeren > Ambiant > Navaro; Vloeren > PVC Vloeren > Ambiant; Vloeren > PVC Vloeren; Vloeren";https://test.vloerenraamdecor.nl/import-images/ambiant/6811751319/main_image/6811751319_thumb.jpg
Navaro Natural oak;37.95;;4.46;;6811.7512.1.9;;'8717003412229';Natural oak;121.9;22.9;0.55;2.5;;;;;Ambiant;Navaro;;"Vloeren > PVC Vloeren > Ambiant > Navaro; Vloeren > PVC Vloeren > Ambiant; Vloeren > PVC Vloeren; Vloeren";https://test.vloerenraamdecor.nl/import-images/ambiant/6811751219/main_image/6811751219_thumb.jpg
Sarino Anthracite;37.95;;3.35;;6711.4110.1.9;;'8717003412083';Anthracite;91.4;45.7;0.55;2.5;;;;;Ambiant;Sarino;;"Vloeren > PVC Vloeren > Ambiant > Sarino; Vloeren > PVC Vloeren > Ambiant; Vloeren > PVC Vloeren; Vloeren";https://test.vloerenraamdecor.nl/import-images/ambiant/6711411019/main_image/6711411019_thumb.jpg
Sarino Dark grey;37.95;;3.35;;6711.4111.1.9;;'8717003412090';Dark grey;91.4;45.7;0.55;2.5;;;;;Ambiant;Sarino;;"Vloeren > PVC Vloeren > Ambiant > Sarino; Vloeren > PVC Vloeren > Ambiant; Vloeren > PVC Vloeren; Vloeren";https://test.vloerenraamdecor.nl/import-images/ambiant/6711411119/main_image/6711411119_thumb.jpg
Sarino Grey;37.95;;3.35;;6711.4113.1.9;;'8717003412113';Grey;91.4;45.7;0.55;2.5;;;;;Ambiant;Sarino;;"Vloeren > PVC Vloeren > Ambiant > Sarino; Vloeren > PVC Vloeren > Ambiant; Vloeren > PVC Vloeren; Vloeren";https://test.vloerenraamdecor.nl/import-images/ambiant/6711411319/main_image/6711411319_thumb.jpg
Sarino Light grey;37.95;;3.35;;6711.4112.1.9;;'8717003412106';Light grey;91.4;45.7;0.55;2.5;;;;;Ambiant;Sarino;;"Vloeren > PVC Vloeren > Ambiant > Sarino; Vloeren > PVC Vloeren > Ambiant; Vloeren > PVC Vloeren; Vloeren";https://test.vloerenraamdecor.nl/import-images/ambiant/6711411219/main_image/6711411219_thumb.jpg
Sarino Anthracite;37.95;;3.35;;6712.4210.1.9;;'8717003412120';Anthracite;91.4;91.4;0.55;2.5;;;;;Ambiant;Sarino;;"Vloeren > PVC Vloeren > Ambiant > Sarino; Vloeren > PVC Vloeren > Ambiant; Vloeren > PVC Vloeren; Vloeren";https://test.vloerenraamdecor.nl/import-images/ambiant/6712421019/main_image/6712421019_thumb.jpg
Sarino Dark grey;37.95;;3.35;;6712.4211.1.9;;'8717003412137';Dark grey;91.4;91.4;0.55;2.5;;;;;Ambiant;Sarino;;"Vloeren > PVC Vloeren > Ambiant > Sarino; Vloeren > PVC Vloeren > Ambiant; Vloeren > PVC Vloeren; Vloeren";https://test.vloerenraamdecor.nl/import-images/ambiant/6712421119/main_image/6712421119_thumb.jpg
Sarino Grey;37.95;;3.35;;6712.4213.1.9;;'8717003412151';Grey;91.4;91.4;0.55;2.5;;;;;Ambiant;Sarino;;"Vloeren > PVC Vloeren > Ambiant > Sarino; Vloeren > PVC Vloeren > Ambiant; Vloeren > PVC Vloeren; Vloeren";https://test.vloerenraamdecor.nl/import-images/ambiant/6712421319/main_image/6712421319_thumb.jpg
Sarino Light grey;37.95;;3.35;;6712.4212.1.9;;'8717003412144';Light grey;91.4;91.4;0.55;2.5;;;;;Ambiant;Sarino;;"Vloeren > PVC Vloeren > Ambiant > Sarino; Vloeren > PVC Vloeren > Ambiant; Vloeren > PVC Vloeren; Vloeren";https://test.vloerenraamdecor.nl/import-images/ambiant/6712421219/main_image/6712421219_thumb.jpg
Avanto Beige;39.95;;4.46;;9097.4504.1.9;;'8717003309765';Beige;121.9;22.8;0.55;2.5;;;;;Ambiant;Avanto;;"Vloeren > PVC Vloeren > Ambiant > Avanto; Vloeren > PVC Vloeren > Ambiant; Vloeren > PVC Vloeren; Vloeren";https://test.vloerenraamdecor.nl/import-images/ambiant/9097450419/main_image/9097450419_thumb.jpg
Avanto Dark grey;39.95;;4.46;;9097.4506.1.9;;'8717003309789';Dark grey;121.9;22.8;0.55;2.5;;;;;Ambiant;Avanto;;"Vloeren > PVC Vloeren > Ambiant > Avanto; Vloeren > PVC Vloeren > Ambiant; Vloeren > PVC Vloeren; Vloeren";https://test.vloerenraamdecor.nl/import-images/ambiant/9097450619/main_image/9097450619_thumb.jpg
Avanto Light grey;39.95;;4.46;;9097.4505.1.9;;'8717003309772';Light grey;121.9;22.8;0.55;2.5;;;;;Ambiant;Avanto;;"Vloeren > PVC Vloeren > Ambiant > Avanto; Vloeren > PVC Vloeren > Ambiant; Vloeren > PVC Vloeren; Vloeren";https://test.vloerenraamdecor.nl/import-images/ambiant/9097450519/main_image/9097450519_thumb.jpg
Avanto Natural;39.95;;4.46;;9097.4503.1.9;;'8717003309758';Natural;121.9;22.8;0.55;2.5;;;;;Ambiant;Avanto;;"Vloeren > PVC Vloeren > Ambiant > Avanto; Vloeren > PVC Vloeren > Ambiant; Vloeren > PVC Vloeren; Vloeren";https://test.vloerenraamdecor.nl/import-images/ambiant/9097450319/main_image/9097450319_thumb.jpg
Avanto Smoky;39.95;;4.46;;9097.4502.1.9;;'8717003309741';Smoky;121.9;22.8;0.55;2.5;;;;;Ambiant;Avanto;;"Vloeren > PVC Vloeren > Ambiant > Avanto; Vloeren > PVC Vloeren > Ambiant; Vloeren > PVC Vloeren; Vloeren";https://test.vloerenraamdecor.nl/import-images/ambiant/9097450219/main_image/9097450219_thumb.jpg
Avanto Warm brown;39.95;;4.46;;9097.4501.1.9;;'8717003309734';Warm brown;121.9;22.8;0.55;2.5;;;;;Ambiant;Avanto;;"Vloeren > PVC Vloeren > Ambiant > Avanto; Vloeren > PVC Vloeren > Ambiant; Vloeren > PVC Vloeren; Vloeren";https://test.vloerenraamdecor.nl/import-images/ambiant/9097450119/main_image/9097450119_thumb.jpg
Excellent Naturel;39.95;;3.34;;9075.5115.1.9;;'8717003260387';Naturel;121.9;22.9;0.55;2.5;;;;;Ambiant;Excellent;;"Vloeren > PVC Vloeren > Ambiant > Excellent; Vloeren > PVC Vloeren > Ambiant; Vloeren > PVC Vloeren; Vloeren";https://test.vloerenraamdecor.nl/import-images/ambiant/9075511519/main_image/9075511519_thumb.jpg
Excellent Smoky;39.95;;3.34;;9075.5111.1.9;;'8717003260363';Smoky;121.9;22.9;0.55;2.5;;;;;Ambiant;Excellent;;"Vloeren > PVC Vloeren > Ambiant > Excellent; Vloeren > PVC Vloeren > Ambiant; Vloeren > PVC Vloeren; Vloeren";https://test.vloerenraamdecor.nl/import-images/ambiant/9075511119/main_image/9075511119_thumb.jpg
Spigato Navaro Beige;39.95;;1.87;;9611.7510.1.9;;'8717003412342';Beige;76.5;15.3;0.55;2.5;;;;;Ambiant;Spigato Navaro;;"Vloeren > PVC Vloeren > Ambiant > Spigato Navaro; Vloeren > PVC Vloeren > Ambiant; Vloeren > PVC Vloeren; Vloeren";https://test.vloerenraamdecor.nl/import-images/ambiant/9611751019/main_image/9611751019_thumb.jpg
Spigato Navaro Dark oak;39.95;;1.87;;9611.7511.1.9;;'8717003412359';Dark oak;76.5;15.3;0.55;2.5;;;;;Ambiant;Spigato Navaro;;"Vloeren > PVC Vloeren > Ambiant > Spigato Navaro; Vloeren > PVC Vloeren > Ambiant; Vloeren > PVC Vloeren; Vloeren";https://test.vloerenraamdecor.nl/import-images/ambiant/9611751119/main_image/9611751119_thumb.jpg
Spigato Navaro Light oak;39.95;;1.87;;9611.7513.1.9;;'8717003412373';Light oak;76.5;15.3;0.55;2.5;;;;;Ambiant;Spigato Navaro;;"Vloeren > PVC Vloeren > Ambiant > Spigato Navaro; Vloeren > PVC Vloeren > Ambiant; Vloeren > PVC Vloeren; Vloeren";https://test.vloerenraamdecor.nl/import-images/ambiant/9611751319/main_image/9611751319_thumb.jpg
Spigato Navaro Natural oak;39.95;;1.87;;9611.7512.1.9;;'8717003412366';Natural oak;76.5;15.3;0.55;2.5;;;;;Ambiant;Spigato Navaro;;"Vloeren > PVC Vloeren > Ambiant > Spigato Navaro; Vloeren > PVC Vloeren > Ambiant; Vloeren > PVC Vloeren; Vloeren";https://test.vloerenraamdecor.nl/import-images/ambiant/9611751219/main_image/9611751219_thumb.jpg
Supremo Dark grey;39.95;;3.34;;9098.3619.1.9;;'8717003301394';Dark grey;121.9;22.9;0.55;2.5;;;;;Ambiant;Supremo;;"Vloeren > PVC Vloeren > Ambiant > Supremo; Vloeren > PVC Vloeren > Ambiant; Vloeren > PVC Vloeren; Vloeren";https://test.vloerenraamdecor.nl/import-images/ambiant/9098361919/main_image/9098361919_thumb.jpg
Supremo Grey;39.95;;3.34;;9098.3686.1.9;;'8717003301424';Grey;121.9;22.9;0.55;2.5;;;;;Ambiant;Supremo;;"Vloeren > PVC Vloeren > Ambiant > Supremo; Vloeren > PVC Vloeren > Ambiant; Vloeren > PVC Vloeren; Vloeren";https://test.vloerenraamdecor.nl/import-images/ambiant/9098368619/main_image/9098368619_thumb.jpg
Supremo Light grey;39.95;;3.34;;9098.3611.1.9;;'8717003301363';Light grey;121.9;22.9;0.55;2.5;;;;;Ambiant;Supremo;;"Vloeren > PVC Vloeren > Ambiant > Supremo; Vloeren > PVC Vloeren > Ambiant; Vloeren > PVC Vloeren; Vloeren";https://test.vloerenraamdecor.nl/import-images/ambiant/9098361119/main_image/9098361119_thumb.jpg
Supremo Natural oak;39.95;;3.34;;9098.3685.1.9;;'8717003301417';Natural oak;121.9;22.9;0.55;2.5;;;;;Ambiant;Supremo;;"Vloeren > PVC Vloeren > Ambiant > Supremo; Vloeren > PVC Vloeren > Ambiant; Vloeren > PVC Vloeren; Vloeren";https://test.vloerenraamdecor.nl/import-images/ambiant/9098368519/main_image/9098368519_thumb.jpg
Baroso Anthracite;42.95;;3.72;;6100.1883.1.9;;'8717003335115';Anthracite;61;61;0.55;2.5;;;;;Ambiant;Baroso;;"Vloeren > PVC Vloeren > Ambiant > Baroso; Vloeren > PVC Vloeren > Ambiant; Vloeren > PVC Vloeren; Vloeren";https://test.vloerenraamdecor.nl/import-images/ambiant/6100188319/main_image/6100188319_thumb.jpg
Baroso Grey;42.95;;3.72;;6100.1881.1.9;;'8717003335092';Grey;61;61;0.55;2.5;;;;;Ambiant;Baroso;;"Vloeren > PVC Vloeren > Ambiant > Baroso; Vloeren > PVC Vloeren > Ambiant; Vloeren > PVC Vloeren; Vloeren";https://test.vloerenraamdecor.nl/import-images/ambiant/6100188119/main_image/6100188119_thumb.jpg
Baroso Light grey;42.95;;3.72;;6100.1880.1.9;;'8717003335085';Light grey;61;61;0.55;2.5;;;;;Ambiant;Baroso;;"Vloeren > PVC Vloeren > Ambiant > Baroso; Vloeren > PVC Vloeren > Ambiant; Vloeren > PVC Vloeren; Vloeren";https://test.vloerenraamdecor.nl/import-images/ambiant/6100188019/main_image/6100188019_thumb.jpg
Baroso Taupe;42.95;;3.72;;6100.1882.1.9;;'8717003335108';Taupe;61;61;0.55;2.5;;;;;Ambiant;Baroso;;"Vloeren > PVC Vloeren > Ambiant > Baroso; Vloeren > PVC Vloeren > Ambiant; Vloeren > PVC Vloeren; Vloeren";https://test.vloerenraamdecor.nl/import-images/ambiant/6100188219/main_image/6100188219_thumb.jpg
Ceramo Anthracite;42.95;;5.2;;6088.5213.1.9;;'8717003327431';Anthracite;61;61;0.55;2.5;;;;;Ambiant;Ceramo;;"Vloeren > PVC Vloeren > Ambiant > Ceramo; Vloeren > PVC Vloeren > Ambiant; Vloeren > PVC Vloeren; Vloeren";https://test.vloerenraamdecor.nl/import-images/ambiant/6088521319/main_image/6088521319_thumb.jpg
Ceramo Beige;42.95;;5.2;;6088.5210.1.9;;'8717003327400';Beige;61;61;0.55;2.5;;;;;Ambiant;Ceramo;;"Vloeren > PVC Vloeren > Ambiant > Ceramo; Vloeren > PVC Vloeren > Ambiant; Vloeren > PVC Vloeren; Vloeren";https://test.vloerenraamdecor.nl/import-images/ambiant/6088521019/main_image/6088521019_thumb.jpg
Ceramo Grey;42.95;;5.2;;6088.5212.1.9;;'8717003327424';Grey;61;61;0.55;2.5;;;;;Ambiant;Ceramo;;"Vloeren > PVC Vloeren > Ambiant > Ceramo; Vloeren > PVC Vloeren > Ambiant; Vloeren > PVC Vloeren; Vloeren";https://test.vloerenraamdecor.nl/import-images/ambiant/6088521219/main_image/6088521219_thumb.jpg
Ceramo Light grey;42.95;;5.2;;6088.5211.1.9;;'8717003327417';Light grey;61;61;0.55;2.5;;;;;Ambiant;Ceramo;;"Vloeren > PVC Vloeren > Ambiant > Ceramo; Vloeren > PVC Vloeren > Ambiant; Vloeren > PVC Vloeren; Vloeren";https://test.vloerenraamdecor.nl/import-images/ambiant/6088521119/main_image/6088521119_thumb.jpg
Concrete Anthracite;42.95;;3.34;;9082.1119.1.9;;'8717003282372';Anthracite;91.4;45.7;0.55;2.5;;;;;Ambiant;Concrete;;"Vloeren > PVC Vloeren > Ambiant > Concrete; Vloeren > PVC Vloeren > Ambiant; Vloeren > PVC Vloeren; Vloeren";https://test.vloerenraamdecor.nl/import-images/ambiant/9082111919/main_image/9082111919_thumb.jpg
Concrete Blue grey;42.95;;3.34;;9082.1117.1.9;;'8717003282396';Blue grey;91.4;45.7;0.55;2.5;;;;;Ambiant;Concrete;;"Vloeren > PVC Vloeren > Ambiant > Concrete; Vloeren > PVC Vloeren > Ambiant; Vloeren > PVC Vloeren; Vloeren";https://test.vloerenraamdecor.nl/import-images/ambiant/9082111719/main_image/9082111719_thumb.jpg
Concrete Mid grey;42.95;;3.34;;9082.1118.1.9;;'8717003282389';Mid grey;91.4;45.7;0.55;2.5;;;;;Ambiant;Concrete;;"Vloeren > PVC Vloeren > Ambiant > Concrete; Vloeren > PVC Vloeren > Ambiant; Vloeren > PVC Vloeren; Vloeren";https://test.vloerenraamdecor.nl/import-images/ambiant/9082111819/main_image/9082111819_thumb.jpg
Concrete Off grey;42.95;;3.34;;9082.1116.1.9;;'8717003282402';Off grey;91.4;45.7;0.55;2.5;;;;;Ambiant;Concrete;;"Vloeren > PVC Vloeren > Ambiant > Concrete; Vloeren > PVC Vloeren > Ambiant; Vloeren > PVC Vloeren; Vloeren";https://test.vloerenraamdecor.nl/import-images/ambiant/9082111619/main_image/9082111619_thumb.jpg
Concrete Anthracite;42.95;;5.02;;9088.2119.1.9;;'8717003284703';Anthracite;91.4;91.4;0.55;2.5;;;;;Ambiant;Concrete;;"Vloeren > PVC Vloeren > Ambiant > Concrete; Vloeren > PVC Vloeren > Ambiant; Vloeren > PVC Vloeren; Vloeren";https://test.vloerenraamdecor.nl/import-images/ambiant/9088211919/main_image/9088211919_thumb.jpg
Concrete Blue grey;42.95;;5.02;;9088.2117.1.9;;'8717003284826';Blue grey;91.4;91.4;0.55;2.5;;;;;Ambiant;Concrete;;"Vloeren > PVC Vloeren > Ambiant > Concrete; Vloeren > PVC Vloeren > Ambiant; Vloeren > PVC Vloeren; Vloeren";https://test.vloerenraamdecor.nl/import-images/ambiant/9088211719/main_image/9088211719_thumb.jpg
Concrete Mid grey;42.95;;5.02;;9088.2118.1.9;;'8717003284819';Mid grey;91.4;91.4;0.55;2.5;;;;;Ambiant;Concrete;;"Vloeren > PVC Vloeren > Ambiant > Concrete; Vloeren > PVC Vloeren > Ambiant; Vloeren > PVC Vloeren; Vloeren";https://test.vloerenraamdecor.nl/import-images/ambiant/9088211819/main_image/9088211819_thumb.jpg
Concrete Off grey;42.95;;5.02;;9088.2116.1.9;;'8717003284833';Off grey;91.4;91.4;0.55;2.5;;;;;Ambiant;Concrete;;"Vloeren > PVC Vloeren > Ambiant > Concrete; Vloeren > PVC Vloeren > Ambiant; Vloeren > PVC Vloeren; Vloeren";https://test.vloerenraamdecor.nl/import-images/ambiant/9088211619/main_image/9088211619_thumb.jpg
Essenzo Dark oak;42.95;;3.62;;9099.1904.1.9;;'8717003301455';Dark oak;152;23.8;0.55;2.5;;;;;Ambiant;Essenzo;;"Vloeren > PVC Vloeren > Ambiant > Essenzo; Vloeren > PVC Vloeren > Ambiant; Vloeren > PVC Vloeren; Vloeren";https://test.vloerenraamdecor.nl/import-images/ambiant/9099190419/main_image/9099190419_thumb.jpg
Essenzo Light grey;42.95;;3.62;;9099.1913.1.9;;'8717003301486';Light grey;152;23.8;0.55;2.5;;;;;Ambiant;Essenzo;;"Vloeren > PVC Vloeren > Ambiant > Essenzo; Vloeren > PVC Vloeren > Ambiant; Vloeren > PVC Vloeren; Vloeren";https://test.vloerenraamdecor.nl/import-images/ambiant/9099191319/main_image/9099191319_thumb.jpg
Essenzo Light oak;42.95;;3.62;;9099.1911.1.9;;'8717003301462';Light oak;152;23.8;0.55;2.5;;;;;Ambiant;Essenzo;;"Vloeren > PVC Vloeren > Ambiant > Essenzo; Vloeren > PVC Vloeren > Ambiant; Vloeren > PVC Vloeren; Vloeren";https://test.vloerenraamdecor.nl/import-images/ambiant/9099191119/main_image/9099191119_thumb.jpg
Essenzo Smoky;42.95;;3.62;;9099.1905.1.9;;'8717003301479';Smoky;152;23.8;0.55;2.5;;;;;Ambiant;Essenzo;;"Vloeren > PVC Vloeren > Ambiant > Essenzo; Vloeren > PVC Vloeren > Ambiant; Vloeren > PVC Vloeren; Vloeren";https://test.vloerenraamdecor.nl/import-images/ambiant/9099190519/main_image/9099190519_thumb.jpg
Estino Beige;42.95;;3.618;;6511.1613.1.9;;'8717003411956';Beige;152;23.8;0.55;2.5;;;;;Ambiant;Estino;;"Vloeren > PVC Vloeren > Ambiant > Estino; Vloeren > PVC Vloeren > Ambiant; Vloeren > PVC Vloeren; Vloeren";https://test.vloerenraamdecor.nl/import-images/ambiant/6511161319/main_image/6511161319_thumb.jpg
Estino Dark oak;42.95;;3.618;;6511.1611.1.9;;'8717003411932';Dark oak;152;23.8;0.55;2.5;;;;;Ambiant;Estino;;"Vloeren > PVC Vloeren > Ambiant > Estino; Vloeren > PVC Vloeren > Ambiant; Vloeren > PVC Vloeren; Vloeren";https://test.vloerenraamdecor.nl/import-images/ambiant/6511161119/main_image/6511161119_thumb.jpg
Estino Natural oak;42.95;;3.618;;6511.1610.1.9;;'8717003411925';Natural oak;152;23.8;0.55;2.5;;;;;Ambiant;Estino;;"Vloeren > PVC Vloeren > Ambiant > Estino; Vloeren > PVC Vloeren > Ambiant; Vloeren > PVC Vloeren; Vloeren";https://test.vloerenraamdecor.nl/import-images/ambiant/6511161019/main_image/6511161019_thumb.jpg
Estino Smoky;42.95;;3.618;;6511.1612.1.9;;'8717003411949';Smoky;152;23.8;0.55;2.5;;;;;Ambiant;Estino;;"Vloeren > PVC Vloeren > Ambiant > Estino; Vloeren > PVC Vloeren > Ambiant; Vloeren > PVC Vloeren; Vloeren";https://test.vloerenraamdecor.nl/import-images/ambiant/6511161219/main_image/6511161219_thumb.jpg
Piazzo Dark grey;42.95;;3.76;;6091.7311.1.9;;'8717003327530';Dark grey;91.4;45.7;0.55;2.5;;;;;Ambiant;Piazzo;;"Vloeren > PVC Vloeren > Ambiant > Piazzo; Vloeren > PVC Vloeren > Ambiant; Vloeren > PVC Vloeren; Vloeren";https://test.vloerenraamdecor.nl/import-images/ambiant/6091731119/main_image/6091731119_thumb.jpg
Piazzo Grey;42.95;;3.76;;6091.7312.1.9;;'8717003327547';Grey;91.4;45.7;0.55;2.5;;;;;Ambiant;Piazzo;;"Vloeren > PVC Vloeren > Ambiant > Piazzo; Vloeren > PVC Vloeren > Ambiant; Vloeren > PVC Vloeren; Vloeren";https://test.vloerenraamdecor.nl/import-images/ambiant/6091731219/main_image/6091731219_thumb.jpg
Piazzo Light grey;42.95;;3.76;;6091.7313.1.9;;'8717003327554';Light grey;91.4;45.7;0.55;2.5;;;;;Ambiant;Piazzo;;"Vloeren > PVC Vloeren > Ambiant > Piazzo; Vloeren > PVC Vloeren > Ambiant; Vloeren > PVC Vloeren; Vloeren";https://test.vloerenraamdecor.nl/import-images/ambiant/6091731319/main_image/6091731319_thumb.jpg
Piazzo Warm grey;42.95;;3.76;;6091.7310.1.9;;'8717003327523';Warm grey;91.4;45.7;0.55;2.5;;;;;Ambiant;Piazzo;;"Vloeren > PVC Vloeren > Ambiant > Piazzo; Vloeren > PVC Vloeren > Ambiant; Vloeren > PVC Vloeren; Vloeren";https://test.vloerenraamdecor.nl/import-images/ambiant/6091731019/main_image/6091731019_thumb.jpg
Piazzo Dark grey;42.95;;4.18;;6090.7211.1.9;;'8717003327493';Dark grey;91.4;91.4;0.55;2.5;;;;;Ambiant;Piazzo;;"Vloeren > PVC Vloeren > Ambiant > Piazzo; Vloeren > PVC Vloeren > Ambiant; Vloeren > PVC Vloeren; Vloeren";https://test.vloerenraamdecor.nl/import-images/ambiant/6090721119/main_image/6090721119_thumb.jpg
Piazzo Grey;42.95;;4.18;;6090.7212.1.9;;'8717003327509';Grey;91.4;91.4;0.55;2.5;;;;;Ambiant;Piazzo;;"Vloeren > PVC Vloeren > Ambiant > Piazzo; Vloeren > PVC Vloeren > Ambiant; Vloeren > PVC Vloeren; Vloeren";https://test.vloerenraamdecor.nl/import-images/ambiant/6090721219/main_image/6090721219_thumb.jpg
Piazzo Light grey;42.95;;4.18;;6090.7213.1.9;;'8717003327516';Light grey;91.4;91.4;0.55;2.5;;;;;Ambiant;Piazzo;;"Vloeren > PVC Vloeren > Ambiant > Piazzo; Vloeren > PVC Vloeren > Ambiant; Vloeren > PVC Vloeren; Vloeren";https://test.vloerenraamdecor.nl/import-images/ambiant/6090721319/main_image/6090721319_thumb.jpg
Piazzo Warm grey;42.95;;4.18;;6090.7210.1.9;;'8717003327486';Warm grey;91.4;91.4;0.55;2.5;;;;;Ambiant;Piazzo;;"Vloeren > PVC Vloeren > Ambiant > Piazzo; Vloeren > PVC Vloeren > Ambiant; Vloeren > PVC Vloeren; Vloeren";https://test.vloerenraamdecor.nl/import-images/ambiant/6090721019/main_image/6090721019_thumb.jpg
Piero Beige;42.95;;5.2;;6086.5200.1.9;;'8717003327325';Beige;61;61;0.55;2.5;;;;;Ambiant;Piero;;"Vloeren > PVC Vloeren > Ambiant > Piero; Vloeren > PVC Vloeren > Ambiant; Vloeren > PVC Vloeren; Vloeren";https://test.vloerenraamdecor.nl/import-images/ambiant/6086520019/main_image/6086520019_thumb.jpg
Piero Dark grey;42.95;;5.2;;6086.5203.1.9;;'8717003327356';Dark grey;61;61;0.55;2.5;;;;;Ambiant;Piero;;"Vloeren > PVC Vloeren > Ambiant > Piero; Vloeren > PVC Vloeren > Ambiant; Vloeren > PVC Vloeren; Vloeren";https://test.vloerenraamdecor.nl/import-images/ambiant/6086520319/main_image/6086520319_thumb.jpg
Piero Light grey;42.95;;5.2;;6086.5202.1.9;;'8717003327349';Light grey;61;61;0.55;2.5;;;;;Ambiant;Piero;;"Vloeren > PVC Vloeren > Ambiant > Piero; Vloeren > PVC Vloeren > Ambiant; Vloeren > PVC Vloeren; Vloeren";https://test.vloerenraamdecor.nl/import-images/ambiant/6086520219/main_image/6086520219_thumb.jpg
Piero Taupe;42.95;;5.2;;6086.5201.1.9;;'8717003327332';Taupe;61;61;0.55;2.5;;;;;Ambiant;Piero;;"Vloeren > PVC Vloeren > Ambiant > Piero; Vloeren > PVC Vloeren > Ambiant; Vloeren > PVC Vloeren; Vloeren";https://test.vloerenraamdecor.nl/import-images/ambiant/6086520119/main_image/6086520119_thumb.jpg
Robusto Dark oak;42.95;;3.87;;9085.1557.1.9;;'8717003412335';Dark oak;153;25.3;0.55;2.5;;;;;Ambiant;Robusto;;"Vloeren > PVC Vloeren > Ambiant > Robusto; Vloeren > PVC Vloeren > Ambiant; Vloeren > PVC Vloeren; Vloeren";https://test.vloerenraamdecor.nl/import-images/ambiant/9085155719/main_image/9085155719_thumb.jpg
Robusto Grey oak;42.95;;3.87;;9085.1554.1.9;;'8717003301431';Grey oak;153;25.3;0.55;2.5;;;;;Ambiant;Robusto;;"Vloeren > PVC Vloeren > Ambiant > Robusto; Vloeren > PVC Vloeren > Ambiant; Vloeren > PVC Vloeren; Vloeren";https://test.vloerenraamdecor.nl/import-images/ambiant/9085155419/main_image/9085155419_thumb.jpg
Robusto Light grey;42.95;;3.87;;9085.1533.1.9;;'8717003283317';Light grey;153;25.3;0.55;2.5;;;;;Ambiant;Robusto;;"Vloeren > PVC Vloeren > Ambiant > Robusto; Vloeren > PVC Vloeren > Ambiant; Vloeren > PVC Vloeren; Vloeren";https://test.vloerenraamdecor.nl/import-images/ambiant/9085153319/main_image/9085153319_thumb.jpg
Robusto Light oak;42.95;;3.87;;9085.1556.1.9;;'8717003412328';Light oak;153;25.3;0.55;2.5;;;;;Ambiant;Robusto;;"Vloeren > PVC Vloeren > Ambiant > Robusto; Vloeren > PVC Vloeren > Ambiant; Vloeren > PVC Vloeren; Vloeren";https://test.vloerenraamdecor.nl/import-images/ambiant/9085155619/main_image/9085155619_thumb.jpg
Robusto Natural oak;42.95;;3.87;;9085.1555.1.9;;'8717003301448';Natural oak;153;25.3;0.55;2.5;;;;;Ambiant;Robusto;;"Vloeren > PVC Vloeren > Ambiant > Robusto; Vloeren > PVC Vloeren > Ambiant; Vloeren > PVC Vloeren; Vloeren";https://test.vloerenraamdecor.nl/import-images/ambiant/9085155519/main_image/9085155519_thumb.jpg
Robusto Naturel;42.95;;3.87;;9085.1531.1.9;;'8717003283294';Naturel;153;25.3;0.55;2.5;;;;;Ambiant;Robusto;;"Vloeren > PVC Vloeren > Ambiant > Robusto; Vloeren > PVC Vloeren > Ambiant; Vloeren > PVC Vloeren; Vloeren";https://test.vloerenraamdecor.nl/import-images/ambiant/9085153119/main_image/9085153119_thumb.jpg
Robusto Smoky;42.95;;3.87;;9085.1530.1.9;;'8717003283287';Smoky;153;25.3;0.55;2.5;;;;;Ambiant;Robusto;;"Vloeren > PVC Vloeren > Ambiant > Robusto; Vloeren > PVC Vloeren > Ambiant; Vloeren > PVC Vloeren; Vloeren";https://test.vloerenraamdecor.nl/import-images/ambiant/9085153019/main_image/9085153019_thumb.jpg
Robusto Warm brown;42.95;;3.87;;9085.1532.1.9;;'8717003283300';Warm brown;153;25.3;0.55;2.5;;;;;Ambiant;Robusto;;"Vloeren > PVC Vloeren > Ambiant > Robusto; Vloeren > PVC Vloeren > Ambiant; Vloeren > PVC Vloeren; Vloeren";https://test.vloerenraamdecor.nl/import-images/ambiant/9085153219/main_image/9085153219_thumb.jpg
Vivero Beige;42.95;;3.62;;6096.1824.1.9;;'8717003411666';Beige;152;23.8;0.55;2.5;;;;;Ambiant;Vivero;;"Vloeren > PVC Vloeren > Ambiant > Vivero; Vloeren > PVC Vloeren > Ambiant; Vloeren > PVC Vloeren; Vloeren";https://test.vloerenraamdecor.nl/import-images/ambiant/6096182419/main_image/6096182419_thumb.jpg
Vivero Dark oak;42.95;;3.62;;6096.1823.1.9;;'8717003334958';Dark oak;152;23.8;0.55;2.5;;;;;Ambiant;Vivero;;"Vloeren > PVC Vloeren > Ambiant > Vivero; Vloeren > PVC Vloeren > Ambiant; Vloeren > PVC Vloeren; Vloeren";https://test.vloerenraamdecor.nl/import-images/ambiant/6096182319/main_image/6096182319_thumb.jpg
Vivero Light oak;42.95;;3.62;;6096.1820.1.9;;'8717003334927';Light oak;152;23.8;0.55;2.5;;;;;Ambiant;Vivero;;"Vloeren > PVC Vloeren > Ambiant > Vivero; Vloeren > PVC Vloeren > Ambiant; Vloeren > PVC Vloeren; Vloeren";https://test.vloerenraamdecor.nl/import-images/ambiant/6096182019/main_image/6096182019_thumb.jpg
Vivero Natural oak;42.95;;3.62;;6096.1822.1.9;;'8717003334941';Natural oak;152;23.8;0.55;2.5;;;;;Ambiant;Vivero;;"Vloeren > PVC Vloeren > Ambiant > Vivero; Vloeren > PVC Vloeren > Ambiant; Vloeren > PVC Vloeren; Vloeren";https://test.vloerenraamdecor.nl/import-images/ambiant/6096182219/main_image/6096182219_thumb.jpg
Vivero Smoky;42.95;;3.62;;6096.1821.1.9;;'8717003334934';Smoky;152;23.8;0.55;2.5;;;;;Ambiant;Vivero;;"Vloeren > PVC Vloeren > Ambiant > Vivero; Vloeren > PVC Vloeren > Ambiant; Vloeren > PVC Vloeren; Vloeren";https://test.vloerenraamdecor.nl/import-images/ambiant/6096182119/main_image/6096182119_thumb.jpg
Vivero Warm oak;42.95;;3.62;;6096.1825.1.9;;'8717003411673';Warm oak;152;23.8;0.55;2.5;;;;;Ambiant;Vivero;;"Vloeren > PVC Vloeren > Ambiant > Vivero; Vloeren > PVC Vloeren > Ambiant; Vloeren > PVC Vloeren; Vloeren";https://test.vloerenraamdecor.nl/import-images/ambiant/6096182519/main_image/6096182519_thumb.jpg
Spigato Estino visgraat Beige;44.95;;1.9;;6611.1613.1.9;;'8717003412038';Beige;77;15.4;0.55;2.5;;;;;Ambiant;Spigato Estino Visgraat;;"Vloeren > PVC Vloeren > Ambiant > Spigato Estino Visgraat; Vloeren > PVC Vloeren > Ambiant; Vloeren > PVC Vloeren; Vloeren";https://test.vloerenraamdecor.nl/import-images/ambiant/6611161319/main_image/6611161319_thumb.jpg
Spigato Estino visgraat Dark oak;44.95;;1.9;;6611.1611.1.9;;'8717003412014';Dark oak;77;15.4;0.55;2.5;;;;;Ambiant;Spigato Estino Visgraat;;"Vloeren > PVC Vloeren > Ambiant > Spigato Estino Visgraat; Vloeren > PVC Vloeren > Ambiant; Vloeren > PVC Vloeren; Vloeren";https://test.vloerenraamdecor.nl/import-images/ambiant/6611161119/main_image/6611161119_thumb.jpg
Spigato Estino visgraat Natural oak;44.95;;1.9;;6611.1610.1.9;;'8717003412007';Natural oak;77;15.4;0.55;2.5;;;;;Ambiant;Spigato Estino Visgraat;;"Vloeren > PVC Vloeren > Ambiant > Spigato Estino Visgraat; Vloeren > PVC Vloeren > Ambiant; Vloeren > PVC Vloeren; Vloeren";https://test.vloerenraamdecor.nl/import-images/ambiant/6611161019/main_image/6611161019_thumb.jpg
Spigato Estino visgraat Smoky;44.95;;1.9;;6611.1612.1.9;;'8717003412021';Smoky;77;15.4;0.55;2.5;;;;;Ambiant;Spigato Estino Visgraat;;"Vloeren > PVC Vloeren > Ambiant > Spigato Estino Visgraat; Vloeren > PVC Vloeren > Ambiant; Vloeren > PVC Vloeren; Vloeren";https://test.vloerenraamdecor.nl/import-images/ambiant/6611161219/main_image/6611161219_thumb.jpg
Spigato visgraat Beige;44.95;;1.13;;9096.3504.1.9;;'8717003312840';Beige;59.5;11.9;0.55;2.5;;;;;Ambiant;Spigato visgraat;;"Vloeren > PVC Vloeren > Ambiant > Spigato visgraat; Vloeren > PVC Vloeren > Ambiant; Vloeren > PVC Vloeren; Vloeren";https://test.vloerenraamdecor.nl/import-images/ambiant/9096350419/main_image/9096350419_thumb.jpg
Spigato visgraat Dark grey;44.95;;1.13;;9096.3506.1.9;;'8717003312864';Dark grey;59.5;11.9;0.55;2.5;;;;;Ambiant;Spigato visgraat;;"Vloeren > PVC Vloeren > Ambiant > Spigato visgraat; Vloeren > PVC Vloeren > Ambiant; Vloeren > PVC Vloeren; Vloeren";https://test.vloerenraamdecor.nl/import-images/ambiant/9096350619/main_image/9096350619_thumb.jpg
Spigato visgraat Dark oak;44.95;;1.9;;9074.2504.1.9;;'8717003304074';Dark oak;77;15.4;0.55;2.5;;;;;Ambiant;Spigato visgraat;;"Vloeren > PVC Vloeren > Ambiant > Spigato visgraat; Vloeren > PVC Vloeren > Ambiant; Vloeren > PVC Vloeren; Vloeren";https://test.vloerenraamdecor.nl/import-images/ambiant/9074250419/main_image/9074250419_thumb.jpg
Spigato visgraat Grey;44.95;;1.13;;9096.3505.1.9;;'8717003312857';Grey;59.5;11.9;0.55;2.5;;;;;Ambiant;Spigato visgraat;;"Vloeren > PVC Vloeren > Ambiant > Spigato visgraat; Vloeren > PVC Vloeren > Ambiant; Vloeren > PVC Vloeren; Vloeren";https://test.vloerenraamdecor.nl/import-images/ambiant/9096350519/main_image/9096350519_thumb.jpg
Spigato visgraat Light brown;44.95;;1.13;;9096.3502.1.9;;'8717003312826';Light brown;59.5;11.9;0.55;2.5;;;;;Ambiant;Spigato visgraat;;"Vloeren > PVC Vloeren > Ambiant > Spigato visgraat; Vloeren > PVC Vloeren > Ambiant; Vloeren > PVC Vloeren; Vloeren";https://test.vloerenraamdecor.nl/import-images/ambiant/9096350219/main_image/9096350219_thumb.jpg
Spigato visgraat Light grey;44.95;;1.9;;9074.2533.1.9;;'8717003304104';Light grey;77;15.4;0.55;2.5;;;;;Ambiant;Spigato visgraat;;"Vloeren > PVC Vloeren > Ambiant > Spigato visgraat; Vloeren > PVC Vloeren > Ambiant; Vloeren > PVC Vloeren; Vloeren";https://test.vloerenraamdecor.nl/import-images/ambiant/9074253319/main_image/9074253319_thumb.jpg
Spigato visgraat Light oak;44.95;;1.9;;9074.2511.1.9;;'8717003304081';Light oak;77;15.4;0.55;2.5;;;;;Ambiant;Spigato visgraat;;"Vloeren > PVC Vloeren > Ambiant > Spigato visgraat; Vloeren > PVC Vloeren > Ambiant; Vloeren > PVC Vloeren; Vloeren";https://test.vloerenraamdecor.nl/import-images/ambiant/9074251119/main_image/9074251119_thumb.jpg
Spigato visgraat Natural;44.95;;1.13;;9096.3503.1.9;;'8717003312833';Natural;59.5;11.9;0.55;2.5;;;;;Ambiant;Spigato visgraat;;"Vloeren > PVC Vloeren > Ambiant > Spigato visgraat; Vloeren > PVC Vloeren > Ambiant; Vloeren > PVC Vloeren; Vloeren";https://test.vloerenraamdecor.nl/import-images/ambiant/9096350319/main_image/9096350319_thumb.jpg
Spigato visgraat Smoky;44.95;;1.9;;9074.2530.1.9;;'8717003304098';Smoky;77;15.4;0.55;2.5;;;;;Ambiant;Spigato visgraat;;"Vloeren > PVC Vloeren > Ambiant > Spigato visgraat; Vloeren > PVC Vloeren > Ambiant; Vloeren > PVC Vloeren; Vloeren";https://test.vloerenraamdecor.nl/import-images/ambiant/9074253019/main_image/9074253019_thumb.jpg
Spigato visgraat Warm brown;44.95;;1.13;;9096.3501.1.9;;'8717003312819';Warm brown;59.5;11.9;0.55;2.5;;;;;Ambiant;Spigato visgraat;;"Vloeren > PVC Vloeren > Ambiant > Spigato visgraat; Vloeren > PVC Vloeren > Ambiant; Vloeren > PVC Vloeren; Vloeren";https://test.vloerenraamdecor.nl/import-images/ambiant/9096350119/main_image/9096350119_thumb.jpg
Spigato visgraat smal Beige;44.95;;0.87;;9072.5504.1.9;;'8717003329480';Beige;38;9.5;0.55;2.5;;;;;Ambiant;Spigato visgraat;;"Vloeren > PVC Vloeren > Ambiant > Spigato visgraat; Vloeren > PVC Vloeren > Ambiant; Vloeren > PVC Vloeren; Vloeren";https://test.vloerenraamdecor.nl/import-images/ambiant/9072550419/main_image/9072550419_thumb.jpg
Spigato visgraat smal Natural;44.95;;0.87;;9072.5503.1.9;;'8717003329473';Natural;38;9.5;0.55;2.5;;;;;Ambiant;Spigato visgraat;;"Vloeren > PVC Vloeren > Ambiant > Spigato visgraat; Vloeren > PVC Vloeren > Ambiant; Vloeren > PVC Vloeren; Vloeren";https://test.vloerenraamdecor.nl/import-images/ambiant/9072550319/main_image/9072550319_thumb.jpg
Spigato Vivero visgraat Beige;44.95;;1.9;;6411.1824.1.9;;'8717003411840';Beige;77;15.4;0.55;2.5;;;;;Ambiant;Spigato vivero visgraat;;"Vloeren > PVC Vloeren > Ambiant > Spigato vivero visgraat; Vloeren > PVC Vloeren > Ambiant; Vloeren > PVC Vloeren; Vloeren";https://test.vloerenraamdecor.nl/import-images/ambiant/6411182419/main_image/6411182419_thumb.jpg
Spigato Vivero visgraat Dark oak;44.95;;1.9;;6411.1823.1.9;;'8717003411833';Dark oak;77;15.4;0.55;2.5;;;;;Ambiant;Spigato vivero visgraat;;"Vloeren > PVC Vloeren > Ambiant > Spigato vivero visgraat; Vloeren > PVC Vloeren > Ambiant; Vloeren > PVC Vloeren; Vloeren";https://test.vloerenraamdecor.nl/import-images/ambiant/6411182319/main_image/6411182319_thumb.jpg
Spigato Vivero visgraat Light oak;44.95;;1.9;;6411.1820.1.9;;'8717003411802';Light oak;77;15.4;0.55;2.5;;;;;Ambiant;Spigato vivero visgraat;;"Vloeren > PVC Vloeren > Ambiant > Spigato vivero visgraat; Vloeren > PVC Vloeren > Ambiant; Vloeren > PVC Vloeren; Vloeren";https://test.vloerenraamdecor.nl/import-images/ambiant/6411182019/main_image/6411182019_thumb.jpg
Spigato Vivero visgraat Natural oak;44.95;;1.9;;6411.1822.1.9;;'8717003411826';Natural oak;77;15.4;0.55;2.5;;;;;Ambiant;Spigato vivero visgraat;;"Vloeren > PVC Vloeren > Ambiant > Spigato vivero visgraat; Vloeren > PVC Vloeren > Ambiant; Vloeren > PVC Vloeren; Vloeren";https://test.vloerenraamdecor.nl/import-images/ambiant/6411182219/main_image/6411182219_thumb.jpg
Spigato Vivero visgraat Smoky;44.95;;1.9;;6411.1821.1.9;;'8717003411819';Smoky;77;15.4;0.55;2.5;;;;;Ambiant;Spigato vivero visgraat;;"Vloeren > PVC Vloeren > Ambiant > Spigato vivero visgraat; Vloeren > PVC Vloeren > Ambiant; Vloeren > PVC Vloeren; Vloeren";https://test.vloerenraamdecor.nl/import-images/ambiant/6411182119/main_image/6411182119_thumb.jpg
Spigato Vivero visgraat Warm oak;44.95;;1.9;;6411.1825.1.9;;'8717003411857';Warm oak;77;15.4;0.55;2.5;;;;;Ambiant;Spigato vivero visgraat;;"Vloeren > PVC Vloeren > Ambiant > Spigato vivero visgraat; Vloeren > PVC Vloeren > Ambiant; Vloeren > PVC Vloeren; Vloeren";https://test.vloerenraamdecor.nl/import-images/ambiant/6411182519/main_image/6411182519_thumb.jpg
Spigato Hongaarse Beige;46.95;;1;;9073.2504.1.9;;'8717003316152';Beige;53.8;11.7;0.55;2.5;;;;;Ambiant;Spigato Hongaarse;;"Vloeren > PVC Vloeren > Ambiant > Spigato Hongaarse; Vloeren > PVC Vloeren > Ambiant; Vloeren > PVC Vloeren; Vloeren";https://test.vloerenraamdecor.nl/import-images/ambiant/9073250419/main_image/9073250419_thumb.jpg
Spigato Hongaarse Natural;46.95;;1;;9073.2503.1.9;;'8717003316145';Natural;53.8;11.7;0.55;2.5;;;;;Ambiant;Spigato Hongaarse;;"Vloeren > PVC Vloeren > Ambiant > Spigato Hongaarse; Vloeren > PVC Vloeren > Ambiant; Vloeren > PVC Vloeren; Vloeren";https://test.vloerenraamdecor.nl/import-images/ambiant/9073250319/main_image/9073250319_thumb.jpg
Sentima Beige;39.95;;2.24;;6012.8411.1.9;;'8717003411635';Beige;122;22.9;0.3;4;;;;;Ambiant;Sentima;;"Vloeren > PVC Vloeren > Ambiant > Sentima; Vloeren > PVC Vloeren > Ambiant; Vloeren > PVC Vloeren; Vloeren";https://test.vloerenraamdecor.nl/import-images/ambiant/6012841119/main_image/6012841119_thumb.jpg
Sentima Dark oak;39.95;;2.24;;6012.8410.1.9;;'8717003411628';Dark oak;122;22.9;0.3;4;;;;;Ambiant;Sentima;;"Vloeren > PVC Vloeren > Ambiant > Sentima; Vloeren > PVC Vloeren > Ambiant; Vloeren > PVC Vloeren; Vloeren";https://test.vloerenraamdecor.nl/import-images/ambiant/6012841019/main_image/6012841019_thumb.jpg
Sentima Natural oak;39.95;;2.24;;6012.8413.1.9;;'8717003411659';Natural oak;122;22.9;0.3;4;;;;;Ambiant;Sentima;;"Vloeren > PVC Vloeren > Ambiant > Sentima; Vloeren > PVC Vloeren > Ambiant; Vloeren > PVC Vloeren; Vloeren";https://test.vloerenraamdecor.nl/import-images/ambiant/6012841319/main_image/6012841319_thumb.jpg
Sentima Smoky;39.95;;2.24;;6012.8412.1.9;;'8717003411642';Smoky;122;22.9;0.3;4;;;;;Ambiant;Sentima;;"Vloeren > PVC Vloeren > Ambiant > Sentima; Vloeren > PVC Vloeren > Ambiant; Vloeren > PVC Vloeren; Vloeren";https://test.vloerenraamdecor.nl/import-images/ambiant/6012841219/main_image/6012841219_thumb.jpg
Venera Beige;39.95;;2.24;;6312.8612.1.9;;'8717003411789';Beige;122;22.9;0.3;5;;;;;Ambiant;Venera;;"Vloeren > PVC Vloeren > Ambiant > Venera; Vloeren > PVC Vloeren > Ambiant; Vloeren > PVC Vloeren; Vloeren";https://test.vloerenraamdecor.nl/import-images/ambiant/6312861219/main_image/6312861219_thumb.jpg
Venera Dark oak;39.95;;2.235;;6312.8611.1.9;;'8717003411772';Dark oak;122;22.9;0.3;5;;;;;Ambiant;Venera;;"Vloeren > PVC Vloeren > Ambiant > Venera; Vloeren > PVC Vloeren > Ambiant; Vloeren > PVC Vloeren; Vloeren";https://test.vloerenraamdecor.nl/import-images/ambiant/6312861119/main_image/6312861119_thumb.jpg
Venera Natural oak;39.95;;2.24;;6312.8613.1.9;;'8717003411796';Natural oak;122;22.9;0.3;5;;;;;Ambiant;Venera;;"Vloeren > PVC Vloeren > Ambiant > Venera; Vloeren > PVC Vloeren > Ambiant; Vloeren > PVC Vloeren; Vloeren";https://test.vloerenraamdecor.nl/import-images/ambiant/6312861319/main_image/6312861319_thumb.jpg
Venera Smoky;39.95;;2.24;;6312.8610.1.9;;'8717003411765';Smoky;122;22.9;0.3;5;;;;;Ambiant;Venera;;"Vloeren > PVC Vloeren > Ambiant > Venera; Vloeren > PVC Vloeren > Ambiant; Vloeren > PVC Vloeren; Vloeren";https://test.vloerenraamdecor.nl/import-images/ambiant/6312861019/main_image/6312861019_thumb.jpg
Navaro Beige;49.95;;2.24;;6812.7610.1.9;;'8717003412243';Beige;122;22.9;0.55;5;;;;;Ambiant;Navaro;;"Vloeren > PVC Vloeren > Ambiant > Navaro; Vloeren > PVC Vloeren > Ambiant; Vloeren > PVC Vloeren; Vloeren";https://test.vloerenraamdecor.nl/import-images/ambiant/6812761019/main_image/6812761019_thumb.jpg
Navaro Dark oak;49.95;;2.24;;6812.7611.1.9;;'8717003412250';Dark oak;122;22.9;0.55;5;;;;;Ambiant;Navaro;;"Vloeren > PVC Vloeren > Ambiant > Navaro; Vloeren > PVC Vloeren > Ambiant; Vloeren > PVC Vloeren; Vloeren";https://test.vloerenraamdecor.nl/import-images/ambiant/6812761119/main_image/6812761119_thumb.jpg
Navaro Light oak;49.95;;2.24;;6812.7613.1.9;;'8717003412274';Light oak;122;22.9;0.55;5;;;;;Ambiant;Navaro;;"Vloeren > PVC Vloeren > Ambiant > Navaro; Vloeren > PVC Vloeren > Ambiant; Vloeren > PVC Vloeren; Vloeren";https://test.vloerenraamdecor.nl/import-images/ambiant/6812761319/main_image/6812761319_thumb.jpg
Navaro Natural oak;49.95;;2.24;;6812.7612.1.9;;'8717003412267';Natural oak;122;22.9;0.55;5;;;;;Ambiant;Navaro;;"Vloeren > PVC Vloeren > Ambiant > Navaro; Vloeren > PVC Vloeren > Ambiant; Vloeren > PVC Vloeren; Vloeren";https://test.vloerenraamdecor.nl/import-images/ambiant/6812761219/main_image/6812761219_thumb.jpg
Sarino Anthracite;49.95;;1.67;;6713.4310.1.9;;'8717003412168';Anthracite;91.4;45.7;0.55;5;;;;;Ambiant;Sarino;;"Vloeren > PVC Vloeren > Ambiant > Sarino; Vloeren > PVC Vloeren > Ambiant; Vloeren > PVC Vloeren; Vloeren";https://test.vloerenraamdecor.nl/import-images/ambiant/6713431019/main_image/6713431019_thumb.jpg
Sarino Dark grey;49.95;;1.67;;6713.4311.1.9;;'8717003412175';Dark grey;91.4;45.7;0.55;5;;;;;Ambiant;Sarino;;"Vloeren > PVC Vloeren > Ambiant > Sarino; Vloeren > PVC Vloeren > Ambiant; Vloeren > PVC Vloeren; Vloeren";https://test.vloerenraamdecor.nl/import-images/ambiant/6713431119/main_image/6713431119_thumb.jpg
Sarino Grey;49.95;;1.67;;6713.4313.1.9;;'8717003412199';Grey;91.4;45.7;0.55;5;;;;;Ambiant;Sarino;;"Vloeren > PVC Vloeren > Ambiant > Sarino; Vloeren > PVC Vloeren > Ambiant; Vloeren > PVC Vloeren; Vloeren";https://test.vloerenraamdecor.nl/import-images/ambiant/6713431319/main_image/6713431319_thumb.jpg
Sarino Light grey;49.95;;1.67;;6713.4312.1.9;;'8717003412182';Light grey;91.4;45.7;0.55;5;;;;;Ambiant;Sarino;;"Vloeren > PVC Vloeren > Ambiant > Sarino; Vloeren > PVC Vloeren > Ambiant; Vloeren > PVC Vloeren; Vloeren";https://test.vloerenraamdecor.nl/import-images/ambiant/6713431219/main_image/6713431219_thumb.jpg
Spigato navaro visgraat Beige;49.95;;1.35;;6912.7610.1.9;;'8717003412281';Beige;75;15;0.55;5;;;;;Ambiant;Spigato navaro visgraat;;"Vloeren > PVC Vloeren > Ambiant > Spigato navaro visgraat; Vloeren > PVC Vloeren > Ambiant; Vloeren > PVC Vloeren; Vloeren";https://test.vloerenraamdecor.nl/import-images/ambiant/6912761019/main_image/6912761019_thumb.jpg
Spigato navaro visgraat Dark oak;49.95;;1.35;;6912.7611.1.9;;'8717003412298';Dark oak;75;15;0.55;5;;;;;Ambiant;Spigato navaro visgraat;;"Vloeren > PVC Vloeren > Ambiant > Spigato navaro visgraat; Vloeren > PVC Vloeren > Ambiant; Vloeren > PVC Vloeren; Vloeren";https://test.vloerenraamdecor.nl/import-images/ambiant/6912761119/main_image/6912761119_thumb.jpg
Spigato navaro visgraat Light oak;49.95;;1.35;;6912.7613.1.9;;'8717003412311';Light oak;75;15;0.55;5;;;;;Ambiant;Spigato navaro visgraat;;"Vloeren > PVC Vloeren > Ambiant > Spigato navaro visgraat; Vloeren > PVC Vloeren > Ambiant; Vloeren > PVC Vloeren; Vloeren";https://test.vloerenraamdecor.nl/import-images/ambiant/6912761319/main_image/6912761319_thumb.jpg
Spigato navaro visgraat Natural oak;49.95;;1.35;;6912.7612.1.9;;'8717003412304';Natural oak;75;15;0.55;5;;;;;Ambiant;Spigato navaro visgraat;;"Vloeren > PVC Vloeren > Ambiant > Spigato navaro visgraat; Vloeren > PVC Vloeren > Ambiant; Vloeren > PVC Vloeren; Vloeren";https://test.vloerenraamdecor.nl/import-images/ambiant/6912761219/main_image/6912761219_thumb.jpg
Avanto Beige;59.95;;2.24;;6152.5504.1.9;;'8717003392903';Beige;122;22.9;0.55;7;;;;;Ambiant;Avanto;;"Vloeren > PVC Vloeren > Ambiant > Avanto; Vloeren > PVC Vloeren > Ambiant; Vloeren > PVC Vloeren; Vloeren";https://test.vloerenraamdecor.nl/import-images/ambiant/6152550419/main_image/6152550419_thumb.jpg
Avanto Dark grey;59.95;;2.24;;6152.5506.1.9;;'8717003392927';Dark grey;122;22.9;0.55;7;;;;;Ambiant;Avanto;;"Vloeren > PVC Vloeren > Ambiant > Avanto; Vloeren > PVC Vloeren > Ambiant; Vloeren > PVC Vloeren; Vloeren";https://test.vloerenraamdecor.nl/import-images/ambiant/6152550619/main_image/6152550619_thumb.jpg
Avanto Light grey;59.95;;2.24;;6152.5505.1.9;;'8717003392910';Light grey;122;22.9;0.55;7;;;;;Ambiant;Avanto;;"Vloeren > PVC Vloeren > Ambiant > Avanto; Vloeren > PVC Vloeren > Ambiant; Vloeren > PVC Vloeren; Vloeren";https://test.vloerenraamdecor.nl/import-images/ambiant/6152550519/main_image/6152550519_thumb.jpg
Avanto Natural;59.95;;2.24;;6152.5503.1.9;;'8717003392897';Natural;122;22.9;0.55;7;;;;;Ambiant;Avanto;;"Vloeren > PVC Vloeren > Ambiant > Avanto; Vloeren > PVC Vloeren > Ambiant; Vloeren > PVC Vloeren; Vloeren";https://test.vloerenraamdecor.nl/import-images/ambiant/6152550319/main_image/6152550319_thumb.jpg
Avanto Smoky;59.95;;2.24;;6152.5502.1.9;;'8717003392880';Smoky;122;22.9;0.55;7;;;;;Ambiant;Avanto;;"Vloeren > PVC Vloeren > Ambiant > Avanto; Vloeren > PVC Vloeren > Ambiant; Vloeren > PVC Vloeren; Vloeren";https://test.vloerenraamdecor.nl/import-images/ambiant/6152550219/main_image/6152550219_thumb.jpg
Avanto Warm brown;59.95;;2.24;;6152.5501.1.9;;'8717003392873';Warm brown;122;22.9;0.55;7;;;;;Ambiant;Avanto;;"Vloeren > PVC Vloeren > Ambiant > Avanto; Vloeren > PVC Vloeren > Ambiant; Vloeren > PVC Vloeren; Vloeren";https://test.vloerenraamdecor.nl/import-images/ambiant/6152550119/main_image/6152550119_thumb.jpg
Baroso Anthracite;59.95;;1.8;;6111.1983.1.9;;'8717003392866';Anthracite;60;60;0.55;7;;;;;Ambiant;Baroso;;"Vloeren > PVC Vloeren > Ambiant > Baroso; Vloeren > PVC Vloeren > Ambiant; Vloeren > PVC Vloeren; Vloeren";https://test.vloerenraamdecor.nl/import-images/ambiant/6111198319/main_image/6111198319_thumb.jpg
Baroso Grey;59.95;;1.8;;6111.1981.1.9;;'8717003392842';Grey;60;60;0.55;7;;;;;Ambiant;Baroso;;"Vloeren > PVC Vloeren > Ambiant > Baroso; Vloeren > PVC Vloeren > Ambiant; Vloeren > PVC Vloeren; Vloeren";https://test.vloerenraamdecor.nl/import-images/ambiant/6111198119/main_image/6111198119_thumb.jpg
Baroso Light grey;59.95;;1.8;;6111.1980.1.9;;'8717003392835';Light grey;60;60;0.55;7;;;;;Ambiant;Baroso;;"Vloeren > PVC Vloeren > Ambiant > Baroso; Vloeren > PVC Vloeren > Ambiant; Vloeren > PVC Vloeren; Vloeren";https://test.vloerenraamdecor.nl/import-images/ambiant/6111198019/main_image/6111198019_thumb.jpg
Baroso Taupe;59.95;;1.8;;6111.1982.1.9;;'8717003392859';Taupe;60;60;0.55;7;;;;;Ambiant;Baroso;;"Vloeren > PVC Vloeren > Ambiant > Baroso; Vloeren > PVC Vloeren > Ambiant; Vloeren > PVC Vloeren; Vloeren";https://test.vloerenraamdecor.nl/import-images/ambiant/6111198219/main_image/6111198219_thumb.jpg
Baroso Anthracite;59.95;;1.65;;9020.1983.1.9;;'8717003408994';Anthracite;81.2;40.6;0.55;7;;;;;Ambiant;Baroso;;"Vloeren > PVC Vloeren > Ambiant > Baroso; Vloeren > PVC Vloeren > Ambiant; Vloeren > PVC Vloeren; Vloeren";https://test.vloerenraamdecor.nl/import-images/ambiant/9020198319/main_image/9020198319_thumb.jpg
Baroso Grey;59.95;;1.65;;9020.1981.1.9;;'8717003408970';Grey;81.2;40.6;0.55;7;;;;;Ambiant;Baroso;;"Vloeren > PVC Vloeren > Ambiant > Baroso; Vloeren > PVC Vloeren > Ambiant; Vloeren > PVC Vloeren; Vloeren";https://test.vloerenraamdecor.nl/import-images/ambiant/9020198119/main_image/9020198119_thumb.jpg
Baroso Light grey;59.95;;1.65;;9020.1980.1.9;;'8717003408963';Light grey;81.2;40.6;0.55;7;;;;;Ambiant;Baroso;;"Vloeren > PVC Vloeren > Ambiant > Baroso; Vloeren > PVC Vloeren > Ambiant; Vloeren > PVC Vloeren; Vloeren";https://test.vloerenraamdecor.nl/import-images/ambiant/9020198019/main_image/9020198019_thumb.jpg
Baroso Taupe;59.95;;1.65;;9020.1982.1.9;;'8717003408987';Taupe;81.2;40.6;0.55;7;;;;;Ambiant;Baroso;;"Vloeren > PVC Vloeren > Ambiant > Baroso; Vloeren > PVC Vloeren > Ambiant; Vloeren > PVC Vloeren; Vloeren";https://test.vloerenraamdecor.nl/import-images/ambiant/9020198219/main_image/9020198219_thumb.jpg
Ceramo Anthracite;59.95;;2.23;;6189.6213.1.9;;'8717003392064';Anthracite;61;61;0.55;7;;;;;Ambiant;Ceramo;;"Vloeren > PVC Vloeren > Ambiant > Ceramo; Vloeren > PVC Vloeren > Ambiant; Vloeren > PVC Vloeren; Vloeren";https://test.vloerenraamdecor.nl/import-images/ambiant/6189621319/main_image/6189621319_thumb.jpg
Ceramo Beige;59.95;;2.23;;6189.6210.1.9;;'8717003392033';Beige;61;61;0.55;7;;;;;Ambiant;Ceramo;;"Vloeren > PVC Vloeren > Ambiant > Ceramo; Vloeren > PVC Vloeren > Ambiant; Vloeren > PVC Vloeren; Vloeren";https://test.vloerenraamdecor.nl/import-images/ambiant/6189621019/main_image/6189621019_thumb.jpg
Ceramo Grey;59.95;;2.23;;6189.6212.1.9;;'8717003392057';Grey;61;61;0.55;7;;;;;Ambiant;Ceramo;;"Vloeren > PVC Vloeren > Ambiant > Ceramo; Vloeren > PVC Vloeren > Ambiant; Vloeren > PVC Vloeren; Vloeren";https://test.vloerenraamdecor.nl/import-images/ambiant/6189621219/main_image/6189621219_thumb.jpg
Ceramo Light grey;59.95;;2.23;;6189.6211.1.9;;'8717003392040';Light grey;61;61;0.55;7;;;;;Ambiant;Ceramo;;"Vloeren > PVC Vloeren > Ambiant > Ceramo; Vloeren > PVC Vloeren > Ambiant; Vloeren > PVC Vloeren; Vloeren";https://test.vloerenraamdecor.nl/import-images/ambiant/6189621119/main_image/6189621119_thumb.jpg
Ceramo Anthracite;59.95;;1.65;;7020.6213.1.9;;'8717003408956';Anthracite;81.2;40.6;0.55;7;;;;;Ambiant;Ceramo;;"Vloeren > PVC Vloeren > Ambiant > Ceramo; Vloeren > PVC Vloeren > Ambiant; Vloeren > PVC Vloeren; Vloeren";https://test.vloerenraamdecor.nl/import-images/ambiant/7020621319/main_image/7020621319_thumb.jpg
Ceramo Beige;59.95;;1.65;;7020.6210.1.9;;'8717003408925';Beige;81.2;40.6;0.55;7;;;;;Ambiant;Ceramo;;"Vloeren > PVC Vloeren > Ambiant > Ceramo; Vloeren > PVC Vloeren > Ambiant; Vloeren > PVC Vloeren; Vloeren";https://test.vloerenraamdecor.nl/import-images/ambiant/7020621019/main_image/7020621019_thumb.jpg
Ceramo Grey;59.95;;1.65;;7020.6212.1.9;;'8717003408949';Grey;81.2;40.6;0.55;7;;;;;Ambiant;Ceramo;;"Vloeren > PVC Vloeren > Ambiant > Ceramo; Vloeren > PVC Vloeren > Ambiant; Vloeren > PVC Vloeren; Vloeren";https://test.vloerenraamdecor.nl/import-images/ambiant/7020621219/main_image/7020621219_thumb.jpg
Ceramo Light grey;59.95;;1.65;;7020.6211.1.9;;'8717003408932';Light grey;81.2;40.6;0.55;7;;;;;Ambiant;Ceramo;;"Vloeren > PVC Vloeren > Ambiant > Ceramo; Vloeren > PVC Vloeren > Ambiant; Vloeren > PVC Vloeren; Vloeren";https://test.vloerenraamdecor.nl/import-images/ambiant/7020621119/main_image/7020621119_thumb.jpg
Essenzo Dark oak;59.95;;1.37;;6156.2904.1.9;;'8717003392996';Dark oak;152.2;22.5;0.55;7;;;;;Ambiant;Essenzo;;"Vloeren > PVC Vloeren > Ambiant > Essenzo; Vloeren > PVC Vloeren > Ambiant; Vloeren > PVC Vloeren; Vloeren";https://test.vloerenraamdecor.nl/import-images/ambiant/6156290419/main_image/6156290419_thumb.jpg
Essenzo Light grey;59.95;;1.37;;6156.2913.1.9;;'8717003393023';Light grey;152.2;22.5;0.55;7;;;;;Ambiant;Essenzo;;"Vloeren > PVC Vloeren > Ambiant > Essenzo; Vloeren > PVC Vloeren > Ambiant; Vloeren > PVC Vloeren; Vloeren";https://test.vloerenraamdecor.nl/import-images/ambiant/6156291319/main_image/6156291319_thumb.jpg
Essenzo Light oak;59.95;;1.37;;6156.2911.1.9;;'8717003393016';Light oak;152.2;22.5;0.55;7;;;;;Ambiant;Essenzo;;"Vloeren > PVC Vloeren > Ambiant > Essenzo; Vloeren > PVC Vloeren > Ambiant; Vloeren > PVC Vloeren; Vloeren";https://test.vloerenraamdecor.nl/import-images/ambiant/6156291119/main_image/6156291119_thumb.jpg
Essenzo Smoky;59.95;;1.37;;6156.2905.1.9;;'8717003393009';Smoky;152.2;22.5;0.55;7;;;;;Ambiant;Essenzo;;"Vloeren > PVC Vloeren > Ambiant > Essenzo; Vloeren > PVC Vloeren > Ambiant; Vloeren > PVC Vloeren; Vloeren";https://test.vloerenraamdecor.nl/import-images/ambiant/6156290519/main_image/6156290519_thumb.jpg
Estino Beige;59.95;;1.37;;6512.2613.1.9;;'8717003411994';Beige;152.2;22.5;0.55;7;;;;;Ambiant;Estino;;"Vloeren > PVC Vloeren > Ambiant > Estino; Vloeren > PVC Vloeren > Ambiant; Vloeren > PVC Vloeren; Vloeren";https://test.vloerenraamdecor.nl/import-images/ambiant/6512261319/main_image/6512261319_thumb.jpg
Estino Dark oak;59.95;;1.37;;6512.2611.1.9;;'8717003411970';Dark oak;152.2;22.5;0.55;7;;;;;Ambiant;Estino;;"Vloeren > PVC Vloeren > Ambiant > Estino; Vloeren > PVC Vloeren > Ambiant; Vloeren > PVC Vloeren; Vloeren";https://test.vloerenraamdecor.nl/import-images/ambiant/6512261119/main_image/6512261119_thumb.jpg
Estino Natural oak;59.95;;1.37;;6512.2610.1.9;;'8717003411963';Natural oak;152.2;22.5;0.55;7;;;;;Ambiant;Estino;;"Vloeren > PVC Vloeren > Ambiant > Estino; Vloeren > PVC Vloeren > Ambiant; Vloeren > PVC Vloeren; Vloeren";https://test.vloerenraamdecor.nl/import-images/ambiant/6512261019/main_image/6512261019_thumb.jpg
Estino Smoky;59.95;;1.37;;6512.2612.1.9;;'8717003411987';Smoky;152.2;22.5;0.55;7;;;;;Ambiant;Estino;;"Vloeren > PVC Vloeren > Ambiant > Estino; Vloeren > PVC Vloeren > Ambiant; Vloeren > PVC Vloeren; Vloeren";https://test.vloerenraamdecor.nl/import-images/ambiant/6512261219/main_image/6512261219_thumb.jpg
Piazzo Dark grey;59.95;;2.48;;6192.7411.1.9;;'8717003397700';Dark grey;91;45.5;0.55;7;;;;;Ambiant;Piazzo;;"Vloeren > PVC Vloeren > Ambiant > Piazzo; Vloeren > PVC Vloeren > Ambiant; Vloeren > PVC Vloeren; Vloeren";https://test.vloerenraamdecor.nl/import-images/ambiant/6192741119/main_image/6192741119_thumb.jpg
Piazzo Grey;59.95;;2.48;;6192.7412.1.9;;'8717003397717';Grey;91;45.5;0.55;7;;;;;Ambiant;Piazzo;;"Vloeren > PVC Vloeren > Ambiant > Piazzo; Vloeren > PVC Vloeren > Ambiant; Vloeren > PVC Vloeren; Vloeren";https://test.vloerenraamdecor.nl/import-images/ambiant/6192741219/main_image/6192741219_thumb.jpg
Piazzo Light grey;59.95;;2.48;;6192.7413.1.9;;'8717003397724';Light grey;91;45.5;0.55;7;;;;;Ambiant;Piazzo;;"Vloeren > PVC Vloeren > Ambiant > Piazzo; Vloeren > PVC Vloeren > Ambiant; Vloeren > PVC Vloeren; Vloeren";https://test.vloerenraamdecor.nl/import-images/ambiant/6192741319/main_image/6192741319_thumb.jpg
Piazzo Warm grey;59.95;;2.48;;6192.7410.1.9;;'8717003397694';Warm grey;91;45.5;0.55;7;;;;;Ambiant;Piazzo;;"Vloeren > PVC Vloeren > Ambiant > Piazzo; Vloeren > PVC Vloeren > Ambiant; Vloeren > PVC Vloeren; Vloeren";https://test.vloerenraamdecor.nl/import-images/ambiant/6192741019/main_image/6192741019_thumb.jpg
Piero Beige;59.95;;2.23;;6187.6200.1.9;;'8717003391999';Beige;61;61;0.55;7;;;;;Ambiant;Piero;;"Vloeren > PVC Vloeren > Ambiant > Piero; Vloeren > PVC Vloeren > Ambiant; Vloeren > PVC Vloeren; Vloeren";https://test.vloerenraamdecor.nl/import-images/ambiant/6187620019/main_image/6187620019_thumb.jpg
Piero Dark grey;59.95;;2.23;;6187.6203.1.9;;'8717003392026';Dark grey;61;61;0.55;7;;;;;Ambiant;Piero;;"Vloeren > PVC Vloeren > Ambiant > Piero; Vloeren > PVC Vloeren > Ambiant; Vloeren > PVC Vloeren; Vloeren";https://test.vloerenraamdecor.nl/import-images/ambiant/6187620319/main_image/6187620319_thumb.jpg
Piero Light grey;59.95;;2.23;;6187.6202.1.9;;'8717003392019';Light grey;61;61;0.55;7;;;;;Ambiant;Piero;;"Vloeren > PVC Vloeren > Ambiant > Piero; Vloeren > PVC Vloeren > Ambiant; Vloeren > PVC Vloeren; Vloeren";https://test.vloerenraamdecor.nl/import-images/ambiant/6187620219/main_image/6187620219_thumb.jpg
Piero Taupe;59.95;;2.23;;6187.6201.1.9;;'8717003392002';Taupe;61;61;0.55;7;;;;;Ambiant;Piero;;"Vloeren > PVC Vloeren > Ambiant > Piero; Vloeren > PVC Vloeren > Ambiant; Vloeren > PVC Vloeren; Vloeren";https://test.vloerenraamdecor.nl/import-images/ambiant/6187620119/main_image/6187620119_thumb.jpg
Piero Beige;59.95;;1.65;;8020.6200.1.9;;'8717003408888';Beige;81.2;40.6;0.55;7;;;;;Ambiant;Piero;;"Vloeren > PVC Vloeren > Ambiant > Piero; Vloeren > PVC Vloeren > Ambiant; Vloeren > PVC Vloeren; Vloeren";https://test.vloerenraamdecor.nl/import-images/ambiant/8020620019/main_image/8020620019_thumb.jpg
Piero Dark grey;59.95;;1.648;;8020.6203.1.9;;'8717003408918';Dark grey;81.2;40.6;0.55;7;;;;;Ambiant;Piero;;"Vloeren > PVC Vloeren > Ambiant > Piero; Vloeren > PVC Vloeren > Ambiant; Vloeren > PVC Vloeren; Vloeren";https://test.vloerenraamdecor.nl/import-images/ambiant/8020620319/main_image/8020620319_thumb.jpg
Piero Light grey;59.95;;1.65;;8020.6202.1.9;;'8717003408901';Light grey;81.2;40.6;0.55;7;;;;;Ambiant;Piero;;"Vloeren > PVC Vloeren > Ambiant > Piero; Vloeren > PVC Vloeren > Ambiant; Vloeren > PVC Vloeren; Vloeren";https://test.vloerenraamdecor.nl/import-images/ambiant/8020620219/main_image/8020620219_thumb.jpg
Piero Taupe;59.95;;1.65;;8020.6201.1.9;;'8717003408895';Taupe;81.2;40.6;0.55;7;;;;;Ambiant;Piero;;"Vloeren > PVC Vloeren > Ambiant > Piero; Vloeren > PVC Vloeren > Ambiant; Vloeren > PVC Vloeren; Vloeren";https://test.vloerenraamdecor.nl/import-images/ambiant/8020620119/main_image/8020620119_thumb.jpg
Robusto Dark oak;59.95;;1.45;;6155.2557.1.9;;'8717003411697';Dark oak;152.2;23.8;0.55;7;;;;;Ambiant;Robusto;;"Vloeren > PVC Vloeren > Ambiant > Robusto; Vloeren > PVC Vloeren > Ambiant; Vloeren > PVC Vloeren; Vloeren";https://test.vloerenraamdecor.nl/import-images/ambiant/6155255719/main_image/6155255719_thumb.jpg
Robusto Grey oak;59.95;;1.45;;6155.2554.1.9;;'8717003392972';Grey oak;152.2;23.8;0.55;7;;;;;Ambiant;Robusto;;"Vloeren > PVC Vloeren > Ambiant > Robusto; Vloeren > PVC Vloeren > Ambiant; Vloeren > PVC Vloeren; Vloeren";https://test.vloerenraamdecor.nl/import-images/ambiant/6155255419/main_image/6155255419_thumb.jpg
Robusto Light grey;59.95;;1.45;;6155.2533.1.9;;'8717003392965';Light grey;152.2;23.8;0.55;7;;;;;Ambiant;Robusto;;"Vloeren > PVC Vloeren > Ambiant > Robusto; Vloeren > PVC Vloeren > Ambiant; Vloeren > PVC Vloeren; Vloeren";https://test.vloerenraamdecor.nl/import-images/ambiant/6155253319/main_image/6155253319_thumb.jpg
Robusto Light oak;59.95;;1.45;;6155.2556.1.9;;'8717003411680';Light oak;152.2;23.8;0.55;7;;;;;Ambiant;Robusto;;"Vloeren > PVC Vloeren > Ambiant > Robusto; Vloeren > PVC Vloeren > Ambiant; Vloeren > PVC Vloeren; Vloeren";https://test.vloerenraamdecor.nl/import-images/ambiant/6155255619/main_image/6155255619_thumb.jpg
Robusto Natural oak;59.95;;1.45;;6155.2555.1.9;;'8717003392989';Natural oak;152.2;23.8;0.55;7;;;;;Ambiant;Robusto;;"Vloeren > PVC Vloeren > Ambiant > Robusto; Vloeren > PVC Vloeren > Ambiant; Vloeren > PVC Vloeren; Vloeren";https://test.vloerenraamdecor.nl/import-images/ambiant/6155255519/main_image/6155255519_thumb.jpg
Robusto Naturel;59.95;;1.45;;6155.2531.1.9;;'8717003392941';Naturel;152.2;23.8;0.55;7;;;;;Ambiant;Robusto;;"Vloeren > PVC Vloeren > Ambiant > Robusto; Vloeren > PVC Vloeren > Ambiant; Vloeren > PVC Vloeren; Vloeren";https://test.vloerenraamdecor.nl/import-images/ambiant/6155253119/main_image/6155253119_thumb.jpg
Robusto Smoky;59.95;;1.45;;6155.2530.1.9;;'8717003392934';Smoky;152.2;23.8;0.55;7;;;;;Ambiant;Robusto;;"Vloeren > PVC Vloeren > Ambiant > Robusto; Vloeren > PVC Vloeren > Ambiant; Vloeren > PVC Vloeren; Vloeren";https://test.vloerenraamdecor.nl/import-images/ambiant/6155253019/main_image/6155253019_thumb.jpg
Robusto Warm brown;59.95;;1.45;;6155.2532.1.9;;'8717003392958';Warm brown;152.2;23.8;0.55;7;;;;;Ambiant;Robusto;;"Vloeren > PVC Vloeren > Ambiant > Robusto; Vloeren > PVC Vloeren > Ambiant; Vloeren > PVC Vloeren; Vloeren";https://test.vloerenraamdecor.nl/import-images/ambiant/6155253219/main_image/6155253219_thumb.jpg
Spigato estino visgraat Beige;59.95;;1.71;;6612.2613.1.9;;'8717003412076';Beige;73;14.6;0.55;7;;;;;Ambiant;Spigato estino visgraat;;"Vloeren > PVC Vloeren > Ambiant > Spigato estino visgraat; Vloeren > PVC Vloeren > Ambiant; Vloeren > PVC Vloeren; Vloeren";https://test.vloerenraamdecor.nl/import-images/ambiant/6612261319/main_image/6612261319_thumb.jpg
Spigato estino visgraat Dark oak;59.95;;1.71;;6612.2611.1.9;;'8717003412052';Dark oak;73;14.6;0.55;7;;;;;Ambiant;Spigato estino visgraat;;"Vloeren > PVC Vloeren > Ambiant > Spigato estino visgraat; Vloeren > PVC Vloeren > Ambiant; Vloeren > PVC Vloeren; Vloeren";https://test.vloerenraamdecor.nl/import-images/ambiant/6612261119/main_image/6612261119_thumb.jpg
Spigato estino visgraat Natural oak;59.95;;1.71;;6612.2610.1.9;;'8717003412045';Natural oak;73;14.6;0.55;7;;;;;Ambiant;Spigato estino visgraat;;"Vloeren > PVC Vloeren > Ambiant > Spigato estino visgraat; Vloeren > PVC Vloeren > Ambiant; Vloeren > PVC Vloeren; Vloeren";https://test.vloerenraamdecor.nl/import-images/ambiant/6612261019/main_image/6612261019_thumb.jpg
Spigato estino visgraat Smoky;59.95;;1.71;;6612.2612.1.9;;'8717003412069';Smoky;73;14.6;0.55;7;;;;;Ambiant;Spigato estino visgraat;;"Vloeren > PVC Vloeren > Ambiant > Spigato estino visgraat; Vloeren > PVC Vloeren > Ambiant; Vloeren > PVC Vloeren; Vloeren";https://test.vloerenraamdecor.nl/import-images/ambiant/6612261219/main_image/6612261219_thumb.jpg
Spigato visgraat Beige;59.95;;0.9;;6158.3504.1.9;;'8717003393108';Beige;60;15;0.55;7;;;;;Ambiant;Spigato visgraat;;"Vloeren > PVC Vloeren > Ambiant > Spigato visgraat; Vloeren > PVC Vloeren > Ambiant; Vloeren > PVC Vloeren; Vloeren";https://test.vloerenraamdecor.nl/import-images/ambiant/6158350419/main_image/6158350419_thumb.jpg
Spigato visgraat Dark grey;59.95;;0.9;;6158.3506.1.9;;'8717003393122';Dark grey;60;15;0.55;7;;;;;Ambiant;Spigato visgraat;;"Vloeren > PVC Vloeren > Ambiant > Spigato visgraat; Vloeren > PVC Vloeren > Ambiant; Vloeren > PVC Vloeren; Vloeren";https://test.vloerenraamdecor.nl/import-images/ambiant/6158350619/main_image/6158350619_thumb.jpg
Spigato visgraat Dark oak;59.95;;1.71;;6157.2504.1.9;;'8717003393030';Dark oak;73;14.6;0.55;7;;;;;Ambiant;Spigato visgraat;;"Vloeren > PVC Vloeren > Ambiant > Spigato visgraat; Vloeren > PVC Vloeren > Ambiant; Vloeren > PVC Vloeren; Vloeren";https://test.vloerenraamdecor.nl/import-images/ambiant/6157250419/main_image/6157250419_thumb.jpg
Spigato visgraat Grey;59.95;;0.9;;6158.3505.1.9;;'8717003393115';Grey;60;15;0.55;7;;;;;Ambiant;Spigato visgraat;;"Vloeren > PVC Vloeren > Ambiant > Spigato visgraat; Vloeren > PVC Vloeren > Ambiant; Vloeren > PVC Vloeren; Vloeren";https://test.vloerenraamdecor.nl/import-images/ambiant/6158350519/main_image/6158350519_thumb.jpg
Spigato visgraat Light brown;59.95;;0.9;;6158.3502.1.9;;'8717003393085';Light brown;60;15;0.55;7;;;;;Ambiant;Spigato visgraat;;"Vloeren > PVC Vloeren > Ambiant > Spigato visgraat; Vloeren > PVC Vloeren > Ambiant; Vloeren > PVC Vloeren; Vloeren";https://test.vloerenraamdecor.nl/import-images/ambiant/6158350219/main_image/6158350219_thumb.jpg
Spigato visgraat Light grey;59.95;;1.71;;6157.2533.1.9;;'8717003393061';Light grey;73;14.6;0.55;7;;;;;Ambiant;Spigato visgraat;;"Vloeren > PVC Vloeren > Ambiant > Spigato visgraat; Vloeren > PVC Vloeren > Ambiant; Vloeren > PVC Vloeren; Vloeren";https://test.vloerenraamdecor.nl/import-images/ambiant/6157253319/main_image/6157253319_thumb.jpg
Spigato visgraat Light oak;59.95;;1.71;;6157.2511.1.9;;'8717003393047';Light oak;73;14.6;0.55;7;;;;;Ambiant;Spigato visgraat;;"Vloeren > PVC Vloeren > Ambiant > Spigato visgraat; Vloeren > PVC Vloeren > Ambiant; Vloeren > PVC Vloeren; Vloeren";https://test.vloerenraamdecor.nl/import-images/ambiant/6157251119/main_image/6157251119_thumb.jpg
Spigato visgraat Natural;59.95;;0.9;;6158.3503.1.9;;'8717003393092';Natural;60;15;0.55;7;;;;;Ambiant;Spigato visgraat;;"Vloeren > PVC Vloeren > Ambiant > Spigato visgraat; Vloeren > PVC Vloeren > Ambiant; Vloeren > PVC Vloeren; Vloeren";https://test.vloerenraamdecor.nl/import-images/ambiant/6158350319/main_image/6158350319_thumb.jpg
Spigato visgraat Smoky;59.95;;1.71;;6157.2530.1.9;;'8717003393054';Smoky;73;14.6;0.55;7;;;;;Ambiant;Spigato visgraat;;"Vloeren > PVC Vloeren > Ambiant > Spigato visgraat; Vloeren > PVC Vloeren > Ambiant; Vloeren > PVC Vloeren; Vloeren";https://test.vloerenraamdecor.nl/import-images/ambiant/6157253019/main_image/6157253019_thumb.jpg
Spigato visgraat Warm brown;59.95;;0.9;;6158.3501.1.9;;'8717003393078';Warm brown;60;15;0.55;7;;;;;Ambiant;Spigato visgraat;;"Vloeren > PVC Vloeren > Ambiant > Spigato visgraat; Vloeren > PVC Vloeren > Ambiant; Vloeren > PVC Vloeren; Vloeren";https://test.vloerenraamdecor.nl/import-images/ambiant/6158350119/main_image/6158350119_thumb.jpg
Spigato vivero visgraat Beige;59.95;;1.71;;6412.2824.1.9;;'8717003411901';Beige;73;14.6;0.55;7;;;;;Ambiant;Spigato vivero visgraat;;"Vloeren > PVC Vloeren > Ambiant > Spigato vivero visgraat; Vloeren > PVC Vloeren > Ambiant; Vloeren > PVC Vloeren; Vloeren";https://test.vloerenraamdecor.nl/import-images/ambiant/6412282419/main_image/6412282419_thumb.jpg
Spigato vivero visgraat Dark oak;59.95;;1.71;;6412.2823.1.9;;'8717003411895';Dark oak;73;14.6;0.55;7;;;;;Ambiant;Spigato vivero visgraat;;"Vloeren > PVC Vloeren > Ambiant > Spigato vivero visgraat; Vloeren > PVC Vloeren > Ambiant; Vloeren > PVC Vloeren; Vloeren";https://test.vloerenraamdecor.nl/import-images/ambiant/6412282319/main_image/6412282319_thumb.jpg
Spigato vivero visgraat Light oak;59.95;;1.71;;6412.2820.1.9;;'8717003411864';Light oak;73;14.6;0.55;7;;;;;Ambiant;Spigato vivero visgraat;;"Vloeren > PVC Vloeren > Ambiant > Spigato vivero visgraat; Vloeren > PVC Vloeren > Ambiant; Vloeren > PVC Vloeren; Vloeren";https://test.vloerenraamdecor.nl/import-images/ambiant/6412282019/main_image/6412282019_thumb.jpg
Spigato vivero visgraat Natural oak;59.95;;1.71;;6412.2822.1.9;;'8717003411888';Natural oak;73;14.6;0.55;7;;;;;Ambiant;Spigato vivero visgraat;;"Vloeren > PVC Vloeren > Ambiant > Spigato vivero visgraat; Vloeren > PVC Vloeren > Ambiant; Vloeren > PVC Vloeren; Vloeren";https://test.vloerenraamdecor.nl/import-images/ambiant/6412282219/main_image/6412282219_thumb.jpg
Spigato vivero visgraat Smoky;59.95;;1.71;;6412.2821.1.9;;'8717003411871';Smoky;73;14.6;0.55;7;;;;;Ambiant;Spigato vivero visgraat;;"Vloeren > PVC Vloeren > Ambiant > Spigato vivero visgraat; Vloeren > PVC Vloeren > Ambiant; Vloeren > PVC Vloeren; Vloeren";https://test.vloerenraamdecor.nl/import-images/ambiant/6412282119/main_image/6412282119_thumb.jpg
Spigato vivero visgraat Warm oak;59.95;;1.71;;6412.2825.1.9;;'8717003411918';Warm oak;73;14.6;0.55;7;;;;;Ambiant;Spigato vivero visgraat;;"Vloeren > PVC Vloeren > Ambiant > Spigato vivero visgraat; Vloeren > PVC Vloeren > Ambiant; Vloeren > PVC Vloeren; Vloeren";https://test.vloerenraamdecor.nl/import-images/ambiant/6412282519/main_image/6412282519_thumb.jpg
Supremo Dark grey;59.95;;2.22;;6162.3619.1.9;;'8717003393146';Dark grey;122;22.8;0.55;7;;;;;Ambiant;Supremo;;"Vloeren > PVC Vloeren > Ambiant > Supremo; Vloeren > PVC Vloeren > Ambiant; Vloeren > PVC Vloeren; Vloeren";https://test.vloerenraamdecor.nl/import-images/ambiant/6162361919/main_image/6162361919_thumb.jpg
Supremo Grey;59.95;;2.22;;6162.3686.1.9;;'8717003393160';Grey;122;22.8;0.55;7;;;;;Ambiant;Supremo;;"Vloeren > PVC Vloeren > Ambiant > Supremo; Vloeren > PVC Vloeren > Ambiant; Vloeren > PVC Vloeren; Vloeren";https://test.vloerenraamdecor.nl/import-images/ambiant/6162368619/main_image/6162368619_thumb.jpg
Supremo Light grey;59.95;;2.22;;6162.3611.1.9;;'8717003393139';Light grey;122;22.8;0.55;7;;;;;Ambiant;Supremo;;"Vloeren > PVC Vloeren > Ambiant > Supremo; Vloeren > PVC Vloeren > Ambiant; Vloeren > PVC Vloeren; Vloeren";https://test.vloerenraamdecor.nl/import-images/ambiant/6162361119/main_image/6162361119_thumb.jpg
Supremo Natural oak;59.95;;2.22;;6162.3685.1.9;;'8717003393153';Natural oak;122;22.8;0.55;7;;;;;Ambiant;Supremo;;"Vloeren > PVC Vloeren > Ambiant > Supremo; Vloeren > PVC Vloeren > Ambiant; Vloeren > PVC Vloeren; Vloeren";https://test.vloerenraamdecor.nl/import-images/ambiant/6162368519/main_image/6162368519_thumb.jpg
Vivero Beige;59.95;;1.37;;6197.2824.1.9;;'8717003411703';Beige;152.2;22.5;0.55;7;;;;;Ambiant;Vivero;;"Vloeren > PVC Vloeren > Ambiant > Vivero; Vloeren > PVC Vloeren > Ambiant; Vloeren > PVC Vloeren; Vloeren";https://test.vloerenraamdecor.nl/import-images/ambiant/6197282419/main_image/6197282419_thumb.jpg
Vivero Dark oak;59.95;;1.37;;6197.2823.1.9;;'8717003393207';Dark oak;152.2;22.5;0.55;7;;;;;Ambiant;Vivero;;"Vloeren > PVC Vloeren > Ambiant > Vivero; Vloeren > PVC Vloeren > Ambiant; Vloeren > PVC Vloeren; Vloeren";https://test.vloerenraamdecor.nl/import-images/ambiant/6197282319/main_image/6197282319_thumb.jpg
Vivero Light oak;59.95;;1.37;;6197.2820.1.9;;'8717003393177';Light oak;152.2;22.5;0.55;7;;;;;Ambiant;Vivero;;"Vloeren > PVC Vloeren > Ambiant > Vivero; Vloeren > PVC Vloeren > Ambiant; Vloeren > PVC Vloeren; Vloeren";https://test.vloerenraamdecor.nl/import-images/ambiant/6197282019/main_image/6197282019_thumb.jpg
Vivero Natural oak;59.95;;1.37;;6197.2822.1.9;;'8717003393191';Natural oak;152.2;22.5;0.55;7;;;;;Ambiant;Vivero;;"Vloeren > PVC Vloeren > Ambiant > Vivero; Vloeren > PVC Vloeren > Ambiant; Vloeren > PVC Vloeren; Vloeren";https://test.vloerenraamdecor.nl/import-images/ambiant/6197282219/main_image/6197282219_thumb.jpg
Vivero Smoky;59.95;;1.37;;6197.2821.1.9;;'8717003393184';Smoky;152.2;22.5;0.55;7;;;;;Ambiant;Vivero;;"Vloeren > PVC Vloeren > Ambiant > Vivero; Vloeren > PVC Vloeren > Ambiant; Vloeren > PVC Vloeren; Vloeren";https://test.vloerenraamdecor.nl/import-images/ambiant/6197282119/main_image/6197282119_thumb.jpg
Vivero Warm oak;59.95;;1.37;;6197.2825.1.9;;'8717003411710';Warm oak;152.2;22.5;0.55;7;;;;;Ambiant;Vivero;;"Vloeren > PVC Vloeren > Ambiant > Vivero; Vloeren > PVC Vloeren > Ambiant; Vloeren > PVC Vloeren; Vloeren";https://test.vloerenraamdecor.nl/import-images/ambiant/6197282519/main_image/6197282519_thumb.jpg
Elite Naturel eiken;22.95;;1.996;;5325.6400.1.9;;'8717003397069';Naturel eiken;128.6;19.4;;8;;;;;Ambiant;Elite;;"Vloeren > Laminaat > Ambiant > Elite; Vloeren > PVC Vloeren > Ambiant; Vloeren > PVC Vloeren; Vloeren";https://test.vloerenraamdecor.nl/import-images/ambiant/5325640019/main_image/5325640019_thumb.jpg
Elite Grijs eiken;22.95;;1.996;;5325.6401.1.9;;'8717003397076';Grijs eiken;128.6;19.4;;8;;;;;Ambiant;Elite;;"Vloeren > Laminaat > Ambiant > Elite; Vloeren > PVC Vloeren > Ambiant; Vloeren > PVC Vloeren; Vloeren";https://test.vloerenraamdecor.nl/import-images/ambiant/5325640119/main_image/5325640119_thumb.jpg
Elite Naturel bruin eiken;22.95;;1.996;;5325.6402.1.9;;'8717003397083';Naturel bruin eiken;128.6;19.4;;8;;;;;Ambiant;Elite;;"Vloeren > Laminaat > Ambiant > Elite; Vloeren > PVC Vloeren > Ambiant; Vloeren > PVC Vloeren; Vloeren";https://test.vloerenraamdecor.nl/import-images/ambiant/5325640219/main_image/5325640219_thumb.jpg
Elite Donker bruin eiken;22.95;;1.996;;5325.6403.1.9;;'8717003397090';Donker bruin eiken;128.6;19.4;;8;;;;;Ambiant;Elite;;"Vloeren > Laminaat > Ambiant > Elite; Vloeren > PVC Vloeren > Ambiant; Vloeren > PVC Vloeren; Vloeren";https://test.vloerenraamdecor.nl/import-images/ambiant/5325640319/main_image/5325640319_thumb.jpg
Elite Grijs bruin eiken;22.95;;1.996;;5325.6404.1.9;;'8717003397106';Grijs bruin eiken;128.6;19.4;;8;;;;;Ambiant;Elite;;"Vloeren > Laminaat > Ambiant > Elite; Vloeren > PVC Vloeren > Ambiant; Vloeren > PVC Vloeren; Vloeren";https://test.vloerenraamdecor.nl/import-images/ambiant/5325640419/main_image/5325640419_thumb.jpg
Elite Beige eiken;22.95;;1.996;;5325.6405.1.9;;'8717003397113';Beige eiken;128.6;19.4;;8;;;;;Ambiant;Elite;;"Vloeren > Laminaat > Ambiant > Elite; Vloeren > PVC Vloeren > Ambiant; Vloeren > PVC Vloeren; Vloeren";https://test.vloerenraamdecor.nl/import-images/ambiant/5325640519/main_image/5325640519_thumb.jpg
Karlstad Antiek eiken beige;23.95;;2.694;;5238.2420.1.9;;'8717003295808';Antiek eiken beige;138;24.4;;8;;;;;Ambiant;Karlstad;;"Vloeren > Laminaat > Ambiant > Karlstad; Vloeren > PVC Vloeren > Ambiant; Vloeren > PVC Vloeren; Vloeren";https://test.vloerenraamdecor.nl/import-images/ambiant/5238242019/main_image/5238242019_thumb.jpg
Karlstad Doorleeft grenen wit ;23.95;;2.694;;5238.2426.1.9;;'8717003295860';Doorleeft grenen wit ;138;24.4;;8;;;;;Ambiant;Karlstad;;"Vloeren > Laminaat > Ambiant > Karlstad; Vloeren > PVC Vloeren > Ambiant; Vloeren > PVC Vloeren; Vloeren";https://test.vloerenraamdecor.nl/import-images/ambiant/5238242619/main_image/5238242619_thumb.jpg
Karlstad Eiken beige;24.95;;2.694;;5044.2421.1.9;;'8717003420347';Eiken beige;138;24.4;;8;;;;;Ambiant;Karlstad;;"Vloeren > Laminaat > Ambiant > Karlstad; Vloeren > PVC Vloeren > Ambiant; Vloeren > PVC Vloeren; Vloeren";https://test.vloerenraamdecor.nl/import-images/ambiant/5044242119/main_image/5044242119_thumb.jpg
Karlstad Eiken natuur;24.95;;2.694;;5044.2422.1.9;;'8717003420354';Eiken natuur;138;24.4;;8;;;;;Ambiant;Karlstad;;"Vloeren > Laminaat > Ambiant > Karlstad; Vloeren > PVC Vloeren > Ambiant; Vloeren > PVC Vloeren; Vloeren";https://test.vloerenraamdecor.nl/import-images/ambiant/5044242219/main_image/5044242219_thumb.jpg
Karlstad Eiken donker gerookt;24.95;;2.694;;5044.2424.1.9;;'8717003420361';Eiken donker gerookt;138;24.4;;8;;;;;Ambiant;Karlstad;;"Vloeren > Laminaat > Ambiant > Karlstad; Vloeren > PVC Vloeren > Ambiant; Vloeren > PVC Vloeren; Vloeren";https://test.vloerenraamdecor.nl/import-images/ambiant/5044242419/main_image/5044242419_thumb.jpg
Karlstad Eiken licht naturel;24.95;;2.694;;5044.2425.1.9;;'8717003420378';Eiken licht naturel;138;24.4;;8;;;;;Ambiant;Karlstad;;"Vloeren > Laminaat > Ambiant > Karlstad; Vloeren > PVC Vloeren > Ambiant; Vloeren > PVC Vloeren; Vloeren";https://test.vloerenraamdecor.nl/import-images/ambiant/5044242519/main_image/5044242519_thumb.jpg
Karlstad Eiken lichtgrijs;24.95;;2.694;;5044.2426.1.9;;'8717003420385';Eiken lichtgrijs;138;24.4;;8;;;;;Ambiant;Karlstad;;"Vloeren > Laminaat > Ambiant > Karlstad; Vloeren > PVC Vloeren > Ambiant; Vloeren > PVC Vloeren; Vloeren";https://test.vloerenraamdecor.nl/import-images/ambiant/5044242619/main_image/5044242619_thumb.jpg
Karlstad Eiken donkergrijs;24.95;;2.694;;5044.2427.1.9;;'8717003420392';Eiken donkergrijs;138;24.4;;8;;;;;Ambiant;Karlstad;;"Vloeren > Laminaat > Ambiant > Karlstad; Vloeren > PVC Vloeren > Ambiant; Vloeren > PVC Vloeren; Vloeren";https://test.vloerenraamdecor.nl/import-images/ambiant/5044242719/main_image/5044242719_thumb.jpg
Karlstad Eiken licht bruin;24.95;;2.694;;5044.3766.1.9;;'8717003420408';Eiken licht bruin;138;24.4;;8;;;;;Ambiant;Karlstad;;"Vloeren > Laminaat > Ambiant > Karlstad; Vloeren > PVC Vloeren > Ambiant; Vloeren > PVC Vloeren; Vloeren";https://test.vloerenraamdecor.nl/import-images/ambiant/5044376619/main_image/5044376619_thumb.jpg
Karlstad Eiken grijs beige;24.95;;2.694;;5044.3773.1.9;;'8717003420415';Eiken grijs beige;138;24.4;;8;;;;;Ambiant;Karlstad;;"Vloeren > Laminaat > Ambiant > Karlstad; Vloeren > PVC Vloeren > Ambiant; Vloeren > PVC Vloeren; Vloeren";https://test.vloerenraamdecor.nl/import-images/ambiant/5044377319/main_image/5044377319_thumb.jpg
Karlstad Eiken warm bruin;24.95;;2.694;;5044.3860.1.9;;'8717003420422';Eiken warm bruin;138;24.4;;8;;;;;Ambiant;Karlstad;;"Vloeren > Laminaat > Ambiant > Karlstad; Vloeren > PVC Vloeren > Ambiant; Vloeren > PVC Vloeren; Vloeren";https://test.vloerenraamdecor.nl/import-images/ambiant/5044386019/main_image/5044386019_thumb.jpg
Karlstad Eiken;24.95;;2.694;;5044.3861.1.9;;'8717003420439';Eiken;138;24.4;;8;;;;;Ambiant;Karlstad;;"Vloeren > Laminaat > Ambiant > Karlstad; Vloeren > PVC Vloeren > Ambiant; Vloeren > PVC Vloeren; Vloeren";https://test.vloerenraamdecor.nl/import-images/ambiant/5044386119/main_image/5044386119_thumb.jpg
Karlstad Chur;24.95;;2.694;;5244.3862.1.9;;'8717003302988';Chur;138;24.4;;8;;;;;Ambiant;Karlstad;;"Vloeren > Laminaat > Ambiant > Karlstad; Vloeren > PVC Vloeren > Ambiant; Vloeren > PVC Vloeren; Vloeren";https://test.vloerenraamdecor.nl/import-images/ambiant/5244386219/main_image/5244386219_thumb.jpg
Karlstad Davos;24.95;;2.694;;5244.3865.1.9;;'8717003316701';Davos;138;24.4;;8;;;;;Ambiant;Karlstad;;"Vloeren > Laminaat > Ambiant > Karlstad; Vloeren > PVC Vloeren > Ambiant; Vloeren > PVC Vloeren; Vloeren";https://test.vloerenraamdecor.nl/import-images/ambiant/5244386519/main_image/5244386519_thumb.jpg
Ingelstad XB Zilver eiken;25.95;;2.249;;5245.2520.1.9;;'8717003397854';Zilver eiken;138;32.6;;8;;;;;Ambiant;Ingelstad XB;;"Vloeren > Laminaat > Ambiant > Ingelstad XB; Vloeren > PVC Vloeren > Ambiant; Vloeren > PVC Vloeren; Vloeren";https://test.vloerenraamdecor.nl/import-images/ambiant/5245252019/main_image/5245252019_thumb.jpg
Ingelstad XB Platina eiken;25.95;;2.249;;5245.2521.1.9;;'8717003397861';Platina eiken;138;32.6;;8;;;;;Ambiant;Ingelstad XB;;"Vloeren > Laminaat > Ambiant > Ingelstad XB; Vloeren > PVC Vloeren > Ambiant; Vloeren > PVC Vloeren; Vloeren";https://test.vloerenraamdecor.nl/import-images/ambiant/5245252119/main_image/5245252119_thumb.jpg
Ingelstad XB Goud eiken;25.95;;2.249;;5245.2522.1.9;;'8717003397878';Goud eiken;138;32.6;;8;;;;;Ambiant;Ingelstad XB;;"Vloeren > Laminaat > Ambiant > Ingelstad XB; Vloeren > PVC Vloeren > Ambiant; Vloeren > PVC Vloeren; Vloeren";https://test.vloerenraamdecor.nl/import-images/ambiant/5245252219/main_image/5245252219_thumb.jpg
Ingelstad XB Brons eiken;25.95;;2.249;;5245.2523.1.9;;'8717003397885';Brons eiken;138;32.6;;8;;;;;Ambiant;Ingelstad XB;;"Vloeren > Laminaat > Ambiant > Ingelstad XB; Vloeren > PVC Vloeren > Ambiant; Vloeren > PVC Vloeren; Vloeren";https://test.vloerenraamdecor.nl/import-images/ambiant/5245252319/main_image/5245252319_thumb.jpg
Ingelstad XB Titanium eiken;25.95;;2.249;;5245.2524.1.9;;'8717003397892';Titanium eiken;138;32.6;;8;;;;;Ambiant;Ingelstad XB;;"Vloeren > Laminaat > Ambiant > Ingelstad XB; Vloeren > PVC Vloeren > Ambiant; Vloeren > PVC Vloeren; Vloeren";https://test.vloerenraamdecor.nl/import-images/ambiant/5245252419/main_image/5245252419_thumb.jpg
Ingelstad XB Grijs eiken;25.95;;2.249;;5245.2525.1.9;;'8717003397908';Grijs eiken;138;32.6;;8;;;;;Ambiant;Ingelstad XB;;"Vloeren > Laminaat > Ambiant > Ingelstad XB; Vloeren > PVC Vloeren > Ambiant; Vloeren > PVC Vloeren; Vloeren";https://test.vloerenraamdecor.nl/import-images/ambiant/5245252519/main_image/5245252519_thumb.jpg
Original Classic Warmbruin eiken;25.95;;2.22;;5494.8601.1.9;;'4042456308909';Warmbruin eiken;128.5;19.2;;8;;;;;Ambiant;Original Classic;;"Vloeren > Laminaat > Ambiant > Original Classic; Vloeren > PVC Vloeren > Ambiant; Vloeren > PVC Vloeren; Vloeren";https://test.vloerenraamdecor.nl/import-images/ambiant/5494860119/main_image/5494860119_thumb.jpg
Original Classic Grijsbruin eiken;25.95;;2.22;;5494.8602.1.9;;'4042456308916';Grijsbruin eiken;128.5;19.22;;8;;;;;Ambiant;Original Classic;;"Vloeren > Laminaat > Ambiant > Original Classic; Vloeren > PVC Vloeren > Ambiant; Vloeren > PVC Vloeren; Vloeren";https://test.vloerenraamdecor.nl/import-images/ambiant/5494860219/main_image/5494860219_thumb.jpg
Original Classic Naturel eiken;25.95;;2.22;;5494.8603.1.9;;'4042456308886';Naturel eiken;128.5;19.2;;8;;;;;Ambiant;Original Classic;;"Vloeren > Laminaat > Ambiant > Original Classic; Vloeren > PVC Vloeren > Ambiant; Vloeren > PVC Vloeren; Vloeren";https://test.vloerenraamdecor.nl/import-images/ambiant/5494860319/main_image/5494860319_thumb.jpg
Original Classic Grijs eiken;25.95;;2.22;;5494.8605.1.9;;'4042456308893';Grijs eiken;128.5;19.2;;8;;;;;Ambiant;Original Classic;;"Vloeren > Laminaat > Ambiant > Original Classic; Vloeren > PVC Vloeren > Ambiant; Vloeren > PVC Vloeren; Vloeren";https://test.vloerenraamdecor.nl/import-images/ambiant/5494860519/main_image/5494860519_thumb.jpg
Expression Aqua Donkergrijs;29.95;;2.367;;5022.6394.1.9;;'8717003420286';Donkergrijs;60.4;28;;8;;;;;Ambiant;Expression Aqua;;"Vloeren > Laminaat > Ambiant > Expression Aqua; Vloeren > PVC Vloeren > Ambiant; Vloeren > PVC Vloeren; Vloeren";https://test.vloerenraamdecor.nl/import-images/ambiant/5022639419/main_image/5022639419_thumb.jpg
Expression Aqua Middengrijs;29.95;;2.367;;5022.6399.1.9;;'8717003420293';Middengrijs;60.4;28;;8;;;;;Ambiant;Expression Aqua;;"Vloeren > Laminaat > Ambiant > Expression Aqua; Vloeren > PVC Vloeren > Ambiant; Vloeren > PVC Vloeren; Vloeren";https://test.vloerenraamdecor.nl/import-images/ambiant/5022639919/main_image/5022639919_thumb.jpg
Expression Aqua Grijsbruin;29.95;;2.367;;5022.6400.1.9;;'8717003420309';Grijsbruin;60.4;28;;8;;;;;Ambiant;Expression Aqua;;"Vloeren > Laminaat > Ambiant > Expression Aqua; Vloeren > PVC Vloeren > Ambiant; Vloeren > PVC Vloeren; Vloeren";https://test.vloerenraamdecor.nl/import-images/ambiant/5022640019/main_image/5022640019_thumb.jpg
Expression Aqua Zand;29.95;;2.367;;5022.6401.1.9;;'8717003420316';Zand;60.4;28;;8;;;;;Ambiant;Expression Aqua;;"Vloeren > Laminaat > Ambiant > Expression Aqua; Vloeren > PVC Vloeren > Ambiant; Vloeren > PVC Vloeren; Vloeren";https://test.vloerenraamdecor.nl/import-images/ambiant/5022640119/main_image/5022640119_thumb.jpg
Expression Aqua Grijs;29.95;;2.367;;5022.6402.1.9;;'8717003420323';Grijs;60.4;28;;8;;;;;Ambiant;Expression Aqua;;"Vloeren > Laminaat > Ambiant > Expression Aqua; Vloeren > PVC Vloeren > Ambiant; Vloeren > PVC Vloeren; Vloeren";https://test.vloerenraamdecor.nl/import-images/ambiant/5022640219/main_image/5022640219_thumb.jpg
Expression Aqua Lichtgrijs;29.95;;2.367;;5022.6403.1.9;;'8717003420330';Lichtgrijs;60.4;28;;8;;;;;Ambiant;Expression Aqua;;"Vloeren > Laminaat > Ambiant > Expression Aqua; Vloeren > PVC Vloeren > Ambiant; Vloeren > PVC Vloeren; Vloeren";https://test.vloerenraamdecor.nl/import-images/ambiant/5022640319/main_image/5022640319_thumb.jpg
Superb Eiken bruin;32.95;;1.8;;5252.4791.1.9;;'8717003310143';Eiken bruin;184.5;24.4;;10;;;;;Ambiant;Superb;;"Vloeren > Laminaat > Ambiant > Superb; Vloeren > PVC Vloeren > Ambiant; Vloeren > PVC Vloeren; Vloeren";https://test.vloerenraamdecor.nl/import-images/ambiant/5252479119/main_image/5252479119_thumb.jpg
Superb Eiken zilver;32.95;;1.8;;5252.4701.1.9;;'8717003310150';Eiken zilver;184.5;24.4;;10;;;;;Ambiant;Superb;;"Vloeren > Laminaat > Ambiant > Superb; Vloeren > PVC Vloeren > Ambiant; Vloeren > PVC Vloeren; Vloeren";https://test.vloerenraamdecor.nl/import-images/ambiant/5252470119/main_image/5252470119_thumb.jpg
Superb Eiken naturel;32.95;;1.8;;5252.4794.1.9;;'8717003310167';Eiken naturel;184.5;24.4;;10;;;;;Ambiant;Superb;;"Vloeren > Laminaat > Ambiant > Superb; Vloeren > PVC Vloeren > Ambiant; Vloeren > PVC Vloeren; Vloeren";https://test.vloerenraamdecor.nl/import-images/ambiant/5252479419/main_image/5252479419_thumb.jpg
Superb Licht eiken;32.95;;1.8;;5252.4752.1.9;;'8717003310174';Licht eiken;184.5;24.4;;10;;;;;Ambiant;Superb;;"Vloeren > Laminaat > Ambiant > Superb; Vloeren > PVC Vloeren > Ambiant; Vloeren > PVC Vloeren; Vloeren";https://test.vloerenraamdecor.nl/import-images/ambiant/5252475219/main_image/5252475219_thumb.jpg
Marquant Eiken natuur;34.95;;1.238;;5274.3422.1.9;;'8717003364191';Eiken natuur;66.5;13.3;;8;;;;;Ambiant;Marquant;;"Vloeren > Laminaat > Ambiant > Marquant; Vloeren > PVC Vloeren > Ambiant; Vloeren > PVC Vloeren; Vloeren";https://test.vloerenraamdecor.nl/import-images/ambiant/5274342219/main_image/5274342219_thumb.jpg
Marquant Eiken donker gerookt;34.95;;1.238;;5274.3424.1.9;;'8717003364160';Eiken donker gerookt;66.5;13.3;;8;;;;;Ambiant;Marquant;;"Vloeren > Laminaat > Ambiant > Marquant; Vloeren > PVC Vloeren > Ambiant; Vloeren > PVC Vloeren; Vloeren";https://test.vloerenraamdecor.nl/import-images/ambiant/5274342419/main_image/5274342419_thumb.jpg
Marquant Eiken licht naturel;34.95;;1.238;;5274.3425.1.9;;'8717003364184';Eiken licht naturel;66.5;13.3;;8;;;;;Ambiant;Marquant;;"Vloeren > Laminaat > Ambiant > Marquant; Vloeren > PVC Vloeren > Ambiant; Vloeren > PVC Vloeren; Vloeren";https://test.vloerenraamdecor.nl/import-images/ambiant/5274342519/main_image/5274342519_thumb.jpg
Marquant Eiken licht bruin;34.95;;1.238;;5274.4766.1.9;;'8717003364177';Eiken licht bruin;66.5;13.3;;8;;;;;Ambiant;Marquant;;"Vloeren > Laminaat > Ambiant > Marquant; Vloeren > PVC Vloeren > Ambiant; Vloeren > PVC Vloeren; Vloeren";https://test.vloerenraamdecor.nl/import-images/ambiant/5274476619/main_image/5274476619_thumb.jpg
Marquant Eiken warm bruin;34.95;;1.238;;5274.4860.1.9;;'8717003364207';Eiken warm bruin;66.5;13.3;;8;;;;;Ambiant;Marquant;;"Vloeren > Laminaat > Ambiant > Marquant; Vloeren > PVC Vloeren > Ambiant; Vloeren > PVC Vloeren; Vloeren";https://test.vloerenraamdecor.nl/import-images/ambiant/5274486019/main_image/5274486019_thumb.jpg
Marquant Eiken;34.95;;1.238;;5274.4861.1.9;;'8717003364153';Eiken;66.5;13.3;;8;;;;;Ambiant;Marquant;;"Vloeren > Laminaat > Ambiant > Marquant; Vloeren > PVC Vloeren > Ambiant; Vloeren > PVC Vloeren; Vloeren";https://test.vloerenraamdecor.nl/import-images/ambiant/5274486119/main_image/5274486119_thumb.jpg
Impresa Aqua Smoky eiken;36.95;;2.15;;5516.2257.1.9;;'8426924182257';Smoky eiken;133.4;32.2;;8;;;;;Ambiant;Impresa Aqua;;"Vloeren > Laminaat > Ambiant > Impresa Aqua; Vloeren > PVC Vloeren > Ambiant; Vloeren > PVC Vloeren; Vloeren";https://test.vloerenraamdecor.nl/import-images/ambiant/5516225719/main_image/5516225719_thumb.jpg
Impresa Aqua Naturel eiken;36.95;;2.15;;5516.2264.1.9;;'8426924182264';Naturel eiken;133.4;32.2;;8;;;;;Ambiant;Impresa Aqua;;"Vloeren > Laminaat > Ambiant > Impresa Aqua; Vloeren > PVC Vloeren > Ambiant; Vloeren > PVC Vloeren; Vloeren";https://test.vloerenraamdecor.nl/import-images/ambiant/5516226419/main_image/5516226419_thumb.jpg
Impresa Aqua Licht eiken;36.95;;2.15;;5516.2271.1.9;;'8426924182271';Licht eiken;133.4;32.2;;8;;;;;Ambiant;Impresa Aqua;;"Vloeren > Laminaat > Ambiant > Impresa Aqua; Vloeren > PVC Vloeren > Ambiant; Vloeren > PVC Vloeren; Vloeren";https://test.vloerenraamdecor.nl/import-images/ambiant/5516227119/main_image/5516227119_thumb.jpg
Impresa Aqua Beige eiken;36.95;;2.15;;5516.2288.1.9;;'8426924182288';Beige eiken;133.4;32.2;;8;;;;;Ambiant;Impresa Aqua;;"Vloeren > Laminaat > Ambiant > Impresa Aqua; Vloeren > PVC Vloeren > Ambiant; Vloeren > PVC Vloeren; Vloeren";https://test.vloerenraamdecor.nl/import-images/ambiant/5516228819/main_image/5516228819_thumb.jpg
Beton Aqua  Grijs;39.95;;2.13;;5316.2806.1.9;;'8426924180871';Grijs;118.4;60.1;;8;;;;;Ambiant;Beton Aqua ;;"Vloeren > Laminaat > Ambiant > Beton Aqua ; Vloeren > PVC Vloeren > Ambiant; Vloeren > PVC Vloeren; Vloeren";https://test.vloerenraamdecor.nl/import-images/ambiant/5316280619/main_image/5316280619_thumb.jpg
Beton Aqua  Lichtgrijs;39.95;;2.13;;5316.2807.1.9;;'8426924180901';Lichtgrijs;118.4;60.1;;8;;;;;Ambiant;Beton Aqua ;;"Vloeren > Laminaat > Ambiant > Beton Aqua ; Vloeren > PVC Vloeren > Ambiant; Vloeren > PVC Vloeren; Vloeren";https://test.vloerenraamdecor.nl/import-images/ambiant/5316280719/main_image/5316280719_thumb.jpg
Beton Aqua  Taupe;39.95;;2.13;;5316.2808.1.9;;'8426924180895';Taupe;118.4;60.1;;8;;;;;Ambiant;Beton Aqua ;;"Vloeren > Laminaat > Ambiant > Beton Aqua ; Vloeren > PVC Vloeren > Ambiant; Vloeren > PVC Vloeren; Vloeren";https://test.vloerenraamdecor.nl/import-images/ambiant/5316280819/main_image/5316280819_thumb.jpg
Beton Aqua  Donkergrijs;39.95;;2.13;;5316.2809.1.9;;'8426924180888';Donkergrijs;118.4;60.1;;8;;;;;Ambiant;Beton Aqua ;;"Vloeren > Laminaat > Ambiant > Beton Aqua ; Vloeren > PVC Vloeren > Ambiant; Vloeren > PVC Vloeren; Vloeren";https://test.vloerenraamdecor.nl/import-images/ambiant/5316280919/main_image/5316280919_thumb.jpg
