title;regular_price;meta:unit;meta:sqm_per_unit;images;description;short_description;sku;meta:color;meta:length;meta:width;meta:toplayer_height;meta:height;meta:dessin;meta:type;meta:weight_per_sqm;meta:way_of_application;brand;collection;serie;categories
Therdex Authentic kleur 15061;49.95;pak;3.484;https://test.vloerenraamdecor.nl/import-images/therdex/15061.jpg;;;T15061;;152.4;22.8;0.55;2.5;registered embossed;;5178;Dryback;Therdexn;Authentic;;"Vloeren > PVC Vloeren > Therdexn > Authentic; Vloeren > PVC Vloeren > Therdexn; Vloeren > PVC Vloeren; Vloeren"
Therdex Authentic kleur 15062;49.95;pak;3.484;https://test.vloerenraamdecor.nl/import-images/therdex/15062.jpg;;;T15062;;152.4;22.8;0.55;2.5;registered embossed;;5178;Dryback;Therdexn;Authentic;;"Vloeren > PVC Vloeren > Therdexn > Authentic; Vloeren > PVC Vloeren > Therdexn; Vloeren > PVC Vloeren; Vloeren"
Therdex Authentic kleur 15063;49.95;pak;3.484;https://test.vloerenraamdecor.nl/import-images/therdex/15063.jpg;;;T15063;;152.4;22.8;0.55;2.5;registered embossed;;5178;Dryback;Therdexn;Authentic;;"Vloeren > PVC Vloeren > Therdexn > Authentic; Vloeren > PVC Vloeren > Therdexn; Vloeren > PVC Vloeren; Vloeren"
Therdex Authentic kleur 15064;49.95;pak;3.484;https://test.vloerenraamdecor.nl/import-images/therdex/15064.jpg;;;T15064;;152.4;22.8;0.55;2.5;registered embossed;;5178;Dryback;Therdexn;Authentic;;"Vloeren > PVC Vloeren > Therdexn > Authentic; Vloeren > PVC Vloeren > Therdexn; Vloeren > PVC Vloeren; Vloeren"
Therdex Basic kleur 2010-2;34.95;pak;4.185;https://test.vloerenraamdecor.nl/import-images/therdex/2010.jpg;;;T2010-2;;121.9;22.8;0.3;2;universal embossed;;3452;Dryback;Therdexn;Basic;;"Vloeren > PVC Vloeren > Therdexn > Basic; Vloeren > PVC Vloeren > Therdexn; Vloeren > PVC Vloeren; Vloeren"
Therdex Basic kleur 2040-2;34.95;pak;4.185;https://test.vloerenraamdecor.nl/import-images/therdex/2040.jpg;;;T2040-2;;121.9;22.8;0.3;2;universal embossed;;3452;Dryback;Therdexn;Basic;;"Vloeren > PVC Vloeren > Therdexn > Basic; Vloeren > PVC Vloeren > Therdexn; Vloeren > PVC Vloeren; Vloeren"
Therdex Basic kleur 2050-2;34.95;pak;4.185;https://test.vloerenraamdecor.nl/import-images/therdex/2050.jpg;;;T2050-2;;121.9;22.8;0.3;2;universal embossed;;3452;Dryback;Therdexn;Basic;;"Vloeren > PVC Vloeren > Therdexn > Basic; Vloeren > PVC Vloeren > Therdexn; Vloeren > PVC Vloeren; Vloeren"
Therdex Basic kleur 2060-2;34.95;pak;4.185;https://test.vloerenraamdecor.nl/import-images/therdex/2060.jpg;;;T2060-2;;121.9;22.8;0.3;2;universal embossed;;3452;Dryback;Therdexn;Basic;;"Vloeren > PVC Vloeren > Therdexn > Basic; Vloeren > PVC Vloeren > Therdexn; Vloeren > PVC Vloeren; Vloeren"
Therdex Basic kleur 4210-2;34.95;pak;4.185;https://test.vloerenraamdecor.nl/import-images/therdex/4210.jpg;;;T4210-2;;121.9;22.8;0.3;2;universal embossed;;3452;Dryback;Therdexn;Basic;;"Vloeren > PVC Vloeren > Therdexn > Basic; Vloeren > PVC Vloeren > Therdexn; Vloeren > PVC Vloeren; Vloeren"
Therdex Basic kleur 4230-2;34.95;pak;4.185;https://test.vloerenraamdecor.nl/import-images/therdex/4230.jpg;;;T4230-2;;121.9;22.8;0.3;2;universal embossed;;3452;Dryback;Therdexn;Basic;;"Vloeren > PVC Vloeren > Therdexn > Basic; Vloeren > PVC Vloeren > Therdexn; Vloeren > PVC Vloeren; Vloeren"
Therdex Basic kleur 4250-2;34.95;pak;4.185;https://test.vloerenraamdecor.nl/import-images/therdex/4250.jpg;;;T4250-2;;121.9;22.8;0.3;2;universal embossed;;3452;Dryback;Therdexn;Basic;;"Vloeren > PVC Vloeren > Therdexn > Basic; Vloeren > PVC Vloeren > Therdexn; Vloeren > PVC Vloeren; Vloeren"
Therdex Basic kleur 4270-2;34.95;pak;4.185;https://test.vloerenraamdecor.nl/import-images/therdex/4270.jpg;;;T4270-2;;121.9;22.8;0.3;2;universal embossed;;3452;Dryback;Therdexn;Basic;;"Vloeren > PVC Vloeren > Therdexn > Basic; Vloeren > PVC Vloeren > Therdexn; Vloeren > PVC Vloeren; Vloeren"
Therdex Chevron kleur 6041;49.95;pak;3.345;https://test.vloerenraamdecor.nl/import-images/therdex/6041.jpg;;;T6041;;60.96;15.24;0.55;2.5;registered embossed;;4315;Dryback;Therdexn;Chevron;;"Vloeren > PVC Vloeren > Therdexn > Chevron; Vloeren > PVC Vloeren > Therdexn; Vloeren > PVC Vloeren; Vloeren"
Therdex Chevron kleur 6042;49.95;pak;3.345;https://test.vloerenraamdecor.nl/import-images/therdex/6042.jpg;;;T6042;;60.96;15.24;0.55;2.5;registered embossed;;4315;Dryback;Therdexn;Chevron;;"Vloeren > PVC Vloeren > Therdexn > Chevron; Vloeren > PVC Vloeren > Therdexn; Vloeren > PVC Vloeren; Vloeren"
Therdex Chevron kleur 6043;49.95;pak;3.345;https://test.vloerenraamdecor.nl/import-images/therdex/6043.jpg;;;T6043;;60.96;15.24;0.55;2.5;registered embossed;;4315;Dryback;Therdexn;Chevron;;"Vloeren > PVC Vloeren > Therdexn > Chevron; Vloeren > PVC Vloeren > Therdexn; Vloeren > PVC Vloeren; Vloeren"
Therdex Chevron kleur 6044;49.95;pak;3.345;https://test.vloerenraamdecor.nl/import-images/therdex/6044.jpg;;;T6044;;60.96;15.24;0.55;2.5;registered embossed;;4315;Dryback;Therdexn;Chevron;;"Vloeren > PVC Vloeren > Therdexn > Chevron; Vloeren > PVC Vloeren > Therdexn; Vloeren > PVC Vloeren; Vloeren"
Therdex Chevron kleur 6541;49.95;pak;3.397;https://test.vloerenraamdecor.nl/import-images/therdex/6541.jpg;;;T6541;;57.15;11.43;0.55;2.5;registered embossed;;4315;Dryback;Therdexn;Chevron;;"Vloeren > PVC Vloeren > Therdexn > Chevron; Vloeren > PVC Vloeren > Therdexn; Vloeren > PVC Vloeren; Vloeren"
Therdex Chevron kleur 6542;49.95;pak;3.397;https://test.vloerenraamdecor.nl/import-images/therdex/6542.jpg;;;T6542;;57.15;11.43;0.55;2.5;registered embossed;;4315;Dryback;Therdexn;Chevron;;"Vloeren > PVC Vloeren > Therdexn > Chevron; Vloeren > PVC Vloeren > Therdexn; Vloeren > PVC Vloeren; Vloeren"
Therdex Chevron kleur 6543;49.95;pak;3.397;https://test.vloerenraamdecor.nl/import-images/therdex/6543.jpg;;;T6543;;57.15;11.43;0.55;2.5;registered embossed;;4315;Dryback;Therdexn;Chevron;;"Vloeren > PVC Vloeren > Therdexn > Chevron; Vloeren > PVC Vloeren > Therdexn; Vloeren > PVC Vloeren; Vloeren"
Therdex Chevron kleur 6544;49.95;pak;3.397;https://test.vloerenraamdecor.nl/import-images/therdex/6544.jpg;;;T6544;;57.15;11.43;0.55;2.5;registered embossed;;4315;Dryback;Therdexn;Chevron;;"Vloeren > PVC Vloeren > Therdexn > Chevron; Vloeren > PVC Vloeren > Therdexn; Vloeren > PVC Vloeren; Vloeren"
Therdex Chevron kleur 12041;49.95;pak;3.345;https://test.vloerenraamdecor.nl/import-images/therdex/12041.jpg;;;T12041;;121.9;22.8;0.55;2.5;registered embossed;;4315;Dryback;Therdexn;Chevron;;"Vloeren > PVC Vloeren > Therdexn > Chevron; Vloeren > PVC Vloeren > Therdexn; Vloeren > PVC Vloeren; Vloeren"
Therdex Chevron kleur 12042;49.95;pak;3.345;https://test.vloerenraamdecor.nl/import-images/therdex/12042.jpg;;;T12042;;121.9;22.8;0.55;2.5;registered embossed;;4315;Dryback;Therdexn;Chevron;;"Vloeren > PVC Vloeren > Therdexn > Chevron; Vloeren > PVC Vloeren > Therdexn; Vloeren > PVC Vloeren; Vloeren"
Therdex Chevron kleur 12043;49.95;pak;3.345;https://test.vloerenraamdecor.nl/import-images/therdex/12043.jpg;;;T12043;;121.9;22.8;0.55;2.5;registered embossed;;4315;Dryback;Therdexn;Chevron;;"Vloeren > PVC Vloeren > Therdexn > Chevron; Vloeren > PVC Vloeren > Therdexn; Vloeren > PVC Vloeren; Vloeren"
Therdex Chevron kleur 12044;49.95;pak;3.345;https://test.vloerenraamdecor.nl/import-images/therdex/12044.jpg;;;T12044;;121.9;22.8;0.55;2.5;registered embossed;;4315;Dryback;Therdexn;Chevron;;"Vloeren > PVC Vloeren > Therdexn > Chevron; Vloeren > PVC Vloeren > Therdexn; Vloeren > PVC Vloeren; Vloeren"
Therdex Chevron Click kleur 6041;59.95;pak;1.08;https://test.vloerenraamdecor.nl/import-images/therdex/6041.jpg;;;TC6041;;74.3;14.5;0.55;6;universal embossed;;;Click;Therdexn;Chevron Click;;"Vloeren > PVC Vloeren > Therdexn > Chevron Click; Vloeren > PVC Vloeren > Therdexn; Vloeren > PVC Vloeren; Vloeren"
Therdex Chevron Click kleur 6042;59.95;pak;1.08;https://test.vloerenraamdecor.nl/import-images/therdex/6042.jpg;;;TC6042;;74.3;14.5;0.55;6;universal embossed;;;Click;Therdexn;Chevron Click;;"Vloeren > PVC Vloeren > Therdexn > Chevron Click; Vloeren > PVC Vloeren > Therdexn; Vloeren > PVC Vloeren; Vloeren"
Therdex Chevron Click kleur 12041;59.95;pak;1.617;https://test.vloerenraamdecor.nl/import-images/therdex/12041.jpg;;;TC12041;;121.3;22.2;0.55;6;registered embossed;;;Click;Therdexn;Chevron Click;;"Vloeren > PVC Vloeren > Therdexn > Chevron Click; Vloeren > PVC Vloeren > Therdexn; Vloeren > PVC Vloeren; Vloeren"
Therdex Chevron Click kleur 12042;59.95;pak;1.617;https://test.vloerenraamdecor.nl/import-images/therdex/12042.jpg;;;TC12042;;121.3;22.2;0.55;6;registered embossed;;;Click;Therdexn;Chevron Click;;"Vloeren > PVC Vloeren > Therdexn > Chevron Click; Vloeren > PVC Vloeren > Therdexn; Vloeren > PVC Vloeren; Vloeren"
Therdex Design kleur 15091;49.95;pak;3.468;https://test.vloerenraamdecor.nl/import-images/therdex/15091.jpg;;;T15091;;151.7;22.8;0.55;2.5;universal embossed;;5178;Dryback;Therdexn;Design;;"Vloeren > PVC Vloeren > Therdexn > Design; Vloeren > PVC Vloeren > Therdexn; Vloeren > PVC Vloeren; Vloeren"
Therdex Design kleur 15092;49.95;pak;3.468;https://test.vloerenraamdecor.nl/import-images/therdex/15092.jpg;;;T15092;;151.7;22.8;0.55;2.5;universal embossed;;5178;Dryback;Therdexn;Design;;"Vloeren > PVC Vloeren > Therdexn > Design; Vloeren > PVC Vloeren > Therdexn; Vloeren > PVC Vloeren; Vloeren"
Therdex Design kleur 15093;49.95;pak;3.468;https://test.vloerenraamdecor.nl/import-images/therdex/15093.jpg;;;T15093;;151.7;22.8;0.55;2.5;universal embossed;;5178;Dryback;Therdexn;Design;;"Vloeren > PVC Vloeren > Therdexn > Design; Vloeren > PVC Vloeren > Therdexn; Vloeren > PVC Vloeren; Vloeren"
Therdex Design kleur 15094;49.95;pak;3.468;https://test.vloerenraamdecor.nl/import-images/therdex/15094.jpg;;;T15094;;151.7;22.8;0.55;2.5;universal embossed;;5178;Dryback;Therdexn;Design;;"Vloeren > PVC Vloeren > Therdexn > Design; Vloeren > PVC Vloeren > Therdexn; Vloeren > PVC Vloeren; Vloeren"
Therdex Design kleur 15095;49.95;pak;3.468;https://test.vloerenraamdecor.nl/import-images/therdex/15095.jpg;;;T15095;;151.7;22.8;0.55;2.5;universal embossed;;5178;Dryback;Therdexn;Design;;"Vloeren > PVC Vloeren > Therdexn > Design; Vloeren > PVC Vloeren > Therdexn; Vloeren > PVC Vloeren; Vloeren"
Therdex Design kleur 15096;49.95;pak;3.468;https://test.vloerenraamdecor.nl/import-images/therdex/15096.jpg;;;T15096;;151.7;22.8;0.55;2.5;universal embossed;;5178;Dryback;Therdexn;Design;;"Vloeren > PVC Vloeren > Therdexn > Design; Vloeren > PVC Vloeren > Therdexn; Vloeren > PVC Vloeren; Vloeren"
Therdex Design kleur 15097;49.95;pak;3.468;https://test.vloerenraamdecor.nl/import-images/therdex/15097.jpg;;;T15097;;151.7;22.8;0.55;2.5;universal embossed;;5178;Dryback;Therdexn;Design;;"Vloeren > PVC Vloeren > Therdexn > Design; Vloeren > PVC Vloeren > Therdexn; Vloeren > PVC Vloeren; Vloeren"
Therdex Design kleur 4591;49.95;pak;3.763;https://test.vloerenraamdecor.nl/import-images/therdex/4591.jpg;;;T4591;;91.44;45.72;0.55;2.5;universal embossed;;5178;Dryback;Therdexn;Design;;"Vloeren > PVC Vloeren > Therdexn > Design; Vloeren > PVC Vloeren > Therdexn; Vloeren > PVC Vloeren; Vloeren"
Therdex Design kleur 4592;49.95;pak;3.763;https://test.vloerenraamdecor.nl/import-images/therdex/4592.jpg;;;T4592;;91.44;45.72;0.55;2.5;universal embossed;;5178;Dryback;Therdexn;Design;;"Vloeren > PVC Vloeren > Therdexn > Design; Vloeren > PVC Vloeren > Therdexn; Vloeren > PVC Vloeren; Vloeren"
Therdex Loose Lay kleur 100;59.95;pak;1.6;https://test.vloerenraamdecor.nl/import-images/therdex/100.jpg;;;LL100;;100;20;0.55;5;universal embossed;;9050;Loose Lay;Therdexn;Loose Lay;;"Vloeren > PVC Vloeren > Therdexn > Loose Lay; Vloeren > PVC Vloeren > Therdexn; Vloeren > PVC Vloeren; Vloeren"
Therdex Loose Lay kleur 110;59.95;pak;1.6;https://test.vloerenraamdecor.nl/import-images/therdex/110.jpg;;;LL110;;100;20;0.55;5;universal embossed;;9050;Loose Lay;Therdexn;Loose Lay;;"Vloeren > PVC Vloeren > Therdexn > Loose Lay; Vloeren > PVC Vloeren > Therdexn; Vloeren > PVC Vloeren; Vloeren"
Therdex Loose Lay kleur 120;59.95;pak;1.6;https://test.vloerenraamdecor.nl/import-images/therdex/120.jpg;;;LL120;;100;20;0.55;5;universal embossed;;9050;Loose Lay;Therdexn;Loose Lay;;"Vloeren > PVC Vloeren > Therdexn > Loose Lay; Vloeren > PVC Vloeren > Therdexn; Vloeren > PVC Vloeren; Vloeren"
Therdex Loose Lay kleur 130;59.95;pak;1.6;https://test.vloerenraamdecor.nl/import-images/therdex/130.jpg;;;LL130;;100;20;0.55;5;universal embossed;;9050;Loose Lay;Therdexn;Loose Lay;;"Vloeren > PVC Vloeren > Therdexn > Loose Lay; Vloeren > PVC Vloeren > Therdexn; Vloeren > PVC Vloeren; Vloeren"
Therdex Loose Lay kleur 200;59.95;pak;2;https://test.vloerenraamdecor.nl/import-images/therdex/200.jpg;;;LL200;;100;100;0.55;5;universal embossed;;9050;Loose Lay;Therdexn;Loose Lay;;"Vloeren > PVC Vloeren > Therdexn > Loose Lay; Vloeren > PVC Vloeren > Therdexn; Vloeren > PVC Vloeren; Vloeren"
Therdex Loose Lay kleur 210;59.95;pak;2;https://test.vloerenraamdecor.nl/import-images/therdex/210.jpg;;;LL210;;100;100;0.55;5;universal embossed;;9050;Loose Lay;Therdexn;Loose Lay;;"Vloeren > PVC Vloeren > Therdexn > Loose Lay; Vloeren > PVC Vloeren > Therdexn; Vloeren > PVC Vloeren; Vloeren"
Therdex Loose Lay kleur 220;59.95;pak;2;https://test.vloerenraamdecor.nl/import-images/therdex/220.jpg;;;LL220;;100;100;0.55;5;universal embossed;;9050;Loose Lay;Therdexn;Loose Lay;;"Vloeren > PVC Vloeren > Therdexn > Loose Lay; Vloeren > PVC Vloeren > Therdexn; Vloeren > PVC Vloeren; Vloeren"
Therdex Loose Lay kleur 230;59.95;pak;2;https://test.vloerenraamdecor.nl/import-images/therdex/230.jpg;;;LL230;;100;100;0.55;5;universal embossed;;9050;Loose Lay;Therdexn;Loose Lay;;"Vloeren > PVC Vloeren > Therdexn > Loose Lay; Vloeren > PVC Vloeren > Therdexn; Vloeren > PVC Vloeren; Vloeren"
Therdex Loose Lay kleur 240;59.95;pak;2;https://test.vloerenraamdecor.nl/import-images/therdex/240.jpg;;;LL240;;100;100;0.55;5;universal embossed;;9050;Loose Lay;Therdexn;Loose Lay;;"Vloeren > PVC Vloeren > Therdexn > Loose Lay; Vloeren > PVC Vloeren > Therdexn; Vloeren > PVC Vloeren; Vloeren"
Therdex Loose Lay kleur 250;59.95;pak;2;https://test.vloerenraamdecor.nl/import-images/therdex/250.jpg;;;LL250;;100;100;0.55;5;universal embossed;;9050;Loose Lay;Therdexn;Loose Lay;;"Vloeren > PVC Vloeren > Therdexn > Loose Lay; Vloeren > PVC Vloeren > Therdexn; Vloeren > PVC Vloeren; Vloeren"
Therdex Original 1 kleur 7011;49.95;pak;3.345;https://test.vloerenraamdecor.nl/import-images/therdex/7011.jpg;;;T7011;;60.96;15.24;0.55;2.5;registered embossed;;4315;Dryback;Therdexn;Original;;"Vloeren > PVC Vloeren > Therdexn > Original; Vloeren > PVC Vloeren > Therdexn; Vloeren > PVC Vloeren; Vloeren"
Therdex Original 1 kleur 7012;49.95;pak;3.345;https://test.vloerenraamdecor.nl/import-images/therdex/7012.jpg;;;T7012;;60.96;15.24;0.55;2.5;registered embossed;;4315;Dryback;Therdexn;Original;;"Vloeren > PVC Vloeren > Therdexn > Original; Vloeren > PVC Vloeren > Therdexn; Vloeren > PVC Vloeren; Vloeren"
Therdex Original 1 kleur 7013;49.95;pak;3.345;https://test.vloerenraamdecor.nl/import-images/therdex/7013.jpg;;;T7013;;60.96;15.24;0.55;2.5;registered embossed;;4315;Dryback;Therdexn;Original;;"Vloeren > PVC Vloeren > Therdexn > Original; Vloeren > PVC Vloeren > Therdexn; Vloeren > PVC Vloeren; Vloeren"
Therdex Original 1 kleur 7014;49.95;pak;3.345;https://test.vloerenraamdecor.nl/import-images/therdex/7014.jpg;;;T7014;;60.96;15.24;0.55;2.5;registered embossed;;4315;Dryback;Therdexn;Original;;"Vloeren > PVC Vloeren > Therdexn > Original; Vloeren > PVC Vloeren > Therdexn; Vloeren > PVC Vloeren; Vloeren"
Therdex Original 1 kleur 15011;49.95;pak;3.468;https://test.vloerenraamdecor.nl/import-images/therdex/15011.jpg;;;T15011;;151.7;22.8;0.55;2.5;registered embossed;;5178;Dryback;Therdexn;Original;;"Vloeren > PVC Vloeren > Therdexn > Original; Vloeren > PVC Vloeren > Therdexn; Vloeren > PVC Vloeren; Vloeren"
Therdex Original 1 kleur 15012;49.95;pak;3.468;https://test.vloerenraamdecor.nl/import-images/therdex/15012.jpg;;;T15012;;151.7;22.8;0.55;2.5;registered embossed;;5178;Dryback;Therdexn;Original;;"Vloeren > PVC Vloeren > Therdexn > Original; Vloeren > PVC Vloeren > Therdexn; Vloeren > PVC Vloeren; Vloeren"
Therdex Original 1 kleur 15013;49.95;pak;3.468;https://test.vloerenraamdecor.nl/import-images/therdex/15013.jpg;;;T15013;;151.7;22.8;0.55;2.5;registered embossed;;5178;Dryback;Therdexn;Original;;"Vloeren > PVC Vloeren > Therdexn > Original; Vloeren > PVC Vloeren > Therdexn; Vloeren > PVC Vloeren; Vloeren"
Therdex Original 1 kleur 15014;49.95;pak;3.468;https://test.vloerenraamdecor.nl/import-images/therdex/15014.jpg;;;T15014;;151.7;22.8;0.55;2.5;registered embossed;;5178;Dryback;Therdexn;Original;;"Vloeren > PVC Vloeren > Therdexn > Original; Vloeren > PVC Vloeren > Therdexn; Vloeren > PVC Vloeren; Vloeren"
Therdex Original 1 kleur 15021;49.95;pak;3.468;https://test.vloerenraamdecor.nl/import-images/therdex/15021.jpg;;;T15021;;151.7;22.8;0.55;2.5;registered embossed;;5178;Dryback;Therdexn;Original;;"Vloeren > PVC Vloeren > Therdexn > Original; Vloeren > PVC Vloeren > Therdexn; Vloeren > PVC Vloeren; Vloeren"
Therdex Original 1 kleur 15022;49.95;pak;3.468;https://test.vloerenraamdecor.nl/import-images/therdex/15022.jpg;;;T15022;;151.7;22.8;0.55;2.5;registered embossed;;5178;Dryback;Therdexn;Original;;"Vloeren > PVC Vloeren > Therdexn > Original; Vloeren > PVC Vloeren > Therdexn; Vloeren > PVC Vloeren; Vloeren"
Therdex Original 1 kleur 15023;49.95;pak;3.468;https://test.vloerenraamdecor.nl/import-images/therdex/15023.jpg;;;T15023;;151.7;22.8;0.55;2.5;registered embossed;;5178;Dryback;Therdexn;Original;;"Vloeren > PVC Vloeren > Therdexn > Original; Vloeren > PVC Vloeren > Therdexn; Vloeren > PVC Vloeren; Vloeren"
Therdex Original 1 kleur 15024;49.95;pak;3.468;https://test.vloerenraamdecor.nl/import-images/therdex/15024.jpg;;;T15024;;151.7;22.8;0.55;2.5;registered embossed;;5178;Dryback;Therdexn;Original;;"Vloeren > PVC Vloeren > Therdexn > Original; Vloeren > PVC Vloeren > Therdexn; Vloeren > PVC Vloeren; Vloeren"
Therdex Original 2 kleur 7541;49.95;pak;3.484;https://test.vloerenraamdecor.nl/import-images/therdex/7541.jpg;;;T7541;;76.2;15.24;0.55;2.5;registered embossed;;4315;Dryback;Therdexn;Original;;"Vloeren > PVC Vloeren > Therdexn > Original; Vloeren > PVC Vloeren > Therdexn; Vloeren > PVC Vloeren; Vloeren"
Therdex Original 2 kleur 7542;49.95;pak;3.484;https://test.vloerenraamdecor.nl/import-images/therdex/7542.jpg;;;T7542;;76.2;15.24;0.55;2.5;registered embossed;;4315;Dryback;Therdexn;Original;;"Vloeren > PVC Vloeren > Therdexn > Original; Vloeren > PVC Vloeren > Therdexn; Vloeren > PVC Vloeren; Vloeren"
Therdex Original 2 kleur 7543;49.95;pak;3.484;https://test.vloerenraamdecor.nl/import-images/therdex/7543.jpg;;;T7543;;76.2;15.24;0.55;2.5;registered embossed;;4315;Dryback;Therdexn;Original;;"Vloeren > PVC Vloeren > Therdexn > Original; Vloeren > PVC Vloeren > Therdexn; Vloeren > PVC Vloeren; Vloeren"
Therdex Original 2 kleur 7544;49.95;pak;3.484;https://test.vloerenraamdecor.nl/import-images/therdex/7544.jpg;;;T7544;;76.2;15.24;0.55;2.5;registered embossed;;4315;Dryback;Therdexn;Original;;"Vloeren > PVC Vloeren > Therdexn > Original; Vloeren > PVC Vloeren > Therdexn; Vloeren > PVC Vloeren; Vloeren"
Therdex Original 2 kleur 7545;49.95;pak;3.484;https://test.vloerenraamdecor.nl/import-images/therdex/7545.jpg;;;T7545;;76.2;15.24;0.55;2.5;registered embossed;;4315;Dryback;Therdexn;Original;;"Vloeren > PVC Vloeren > Therdexn > Original; Vloeren > PVC Vloeren > Therdexn; Vloeren > PVC Vloeren; Vloeren"
Therdex Original 2 kleur 7546;49.95;pak;3.484;https://test.vloerenraamdecor.nl/import-images/therdex/7546.jpg;;;T7546;;76.2;15.24;0.55;2.5;registered embossed;;4315;Dryback;Therdexn;Original;;"Vloeren > PVC Vloeren > Therdexn > Original; Vloeren > PVC Vloeren > Therdexn; Vloeren > PVC Vloeren; Vloeren"
Therdex Original 2 kleur 15041;49.95;pak;3.484;https://test.vloerenraamdecor.nl/import-images/therdex/15041.jpg;;;T15041;;152.4;22.8;0.55;2.5;registered embossed;;5178;Dryback;Therdexn;Original;;"Vloeren > PVC Vloeren > Therdexn > Original; Vloeren > PVC Vloeren > Therdexn; Vloeren > PVC Vloeren; Vloeren"
Therdex Original 2 kleur 15042;49.95;pak;3.484;https://test.vloerenraamdecor.nl/import-images/therdex/15042.jpg;;;T15042;;152.4;22.8;0.55;2.5;registered embossed;;5178;Dryback;Therdexn;Original;;"Vloeren > PVC Vloeren > Therdexn > Original; Vloeren > PVC Vloeren > Therdexn; Vloeren > PVC Vloeren; Vloeren"
Therdex Original 2 kleur 15043;49.95;pak;3.484;https://test.vloerenraamdecor.nl/import-images/therdex/15043.jpg;;;T15043;;152.4;22.8;0.55;2.5;registered embossed;;5178;Dryback;Therdexn;Original;;"Vloeren > PVC Vloeren > Therdexn > Original; Vloeren > PVC Vloeren > Therdexn; Vloeren > PVC Vloeren; Vloeren"
Therdex Original 2 kleur 15044;49.95;pak;3.484;https://test.vloerenraamdecor.nl/import-images/therdex/15044.jpg;;;T15044;;152.4;22.8;0.55;2.5;registered embossed;;5178;Dryback;Therdexn;Original;;"Vloeren > PVC Vloeren > Therdexn > Original; Vloeren > PVC Vloeren > Therdexn; Vloeren > PVC Vloeren; Vloeren"
Therdex Original 2 kleur 15045;49.95;pak;3.484;https://test.vloerenraamdecor.nl/import-images/therdex/15045.jpg;;;T15045;;152.4;22.8;0.55;2.5;registered embossed;;5178;Dryback;Therdexn;Original;;"Vloeren > PVC Vloeren > Therdexn > Original; Vloeren > PVC Vloeren > Therdexn; Vloeren > PVC Vloeren; Vloeren"
Therdex Original 2 kleur 15046;49.95;pak;3.484;https://test.vloerenraamdecor.nl/import-images/therdex/15046.jpg;;;T15046;;152.4;22.8;0.55;2.5;registered embossed;;5178;Dryback;Therdexn;Original;;"Vloeren > PVC Vloeren > Therdexn > Original; Vloeren > PVC Vloeren > Therdexn; Vloeren > PVC Vloeren; Vloeren"
Therdex Original Click kleur 7011;59.95;pak;1.08;https://test.vloerenraamdecor.nl/import-images/therdex/7011.jpg;;;TC7011;;74.3;14.5;0.55;6;registered embossed;;;Click;Therdexn;Original Click;;"Vloeren > PVC Vloeren > Therdexn > Original Click; Vloeren > PVC Vloeren > Therdexn; Vloeren > PVC Vloeren; Vloeren"
Therdex Original Click kleur 7012;59.95;pak;1.08;https://test.vloerenraamdecor.nl/import-images/therdex/7012.jpg;;;TC7012;;74.3;14.5;0.55;6;registered embossed;;;Click;Therdexn;Original Click;;"Vloeren > PVC Vloeren > Therdexn > Original Click; Vloeren > PVC Vloeren > Therdexn; Vloeren > PVC Vloeren; Vloeren"
Therdex Original Click kleur 15011;59.95;pak;2.139;https://test.vloerenraamdecor.nl/import-images/therdex/15011.jpg;;;TC15011;;151.8;23.6;0.55;6;registered embossed;;9500;Click;Therdexn;Original Click;;"Vloeren > PVC Vloeren > Therdexn > Original Click; Vloeren > PVC Vloeren > Therdexn; Vloeren > PVC Vloeren; Vloeren"
Therdex Original Click kleur 15012;59.95;pak;2.139;https://test.vloerenraamdecor.nl/import-images/therdex/15012.jpg;;;TC15012;;151.8;23.6;0.55;6;registered embossed;;9500;Click;Therdexn;Original Click;;"Vloeren > PVC Vloeren > Therdexn > Original Click; Vloeren > PVC Vloeren > Therdexn; Vloeren > PVC Vloeren; Vloeren"
Therdex Original Click kleur 15021;59.95;pak;2.139;https://test.vloerenraamdecor.nl/import-images/therdex/15021.jpg;;;TC15021;;151.8;23.6;0.55;6;registered embossed;;9500;Click;Therdexn;Original Click;;"Vloeren > PVC Vloeren > Therdexn > Original Click; Vloeren > PVC Vloeren > Therdexn; Vloeren > PVC Vloeren; Vloeren"
Therdex Original Click kleur 15022;59.95;pak;2.139;https://test.vloerenraamdecor.nl/import-images/therdex/15022.jpg;;;TC15022;;151.8;23.6;0.55;6;registered embossed;;9500;Click;Therdexn;Original Click;;"Vloeren > PVC Vloeren > Therdexn > Original Click; Vloeren > PVC Vloeren > Therdexn; Vloeren > PVC Vloeren; Vloeren"
Therdex Premium kleur 7001;49.95;pak;3.345;https://test.vloerenraamdecor.nl/import-images/therdex/7001.jpg;;;T7001;;60.96;15.24;0.55;2.5;registered embossed;;4315;Dryback;Therdexn;Premium;;"Vloeren > PVC Vloeren > Therdexn > Premium; Vloeren > PVC Vloeren > Therdexn; Vloeren > PVC Vloeren; Vloeren"
Therdex Premium kleur 7004;49.95;pak;3.345;https://test.vloerenraamdecor.nl/import-images/therdex/7004.jpg;;;T7004;;60.96;15.24;0.55;2.5;registered embossed;;4315;Dryback;Therdexn;Premium;;"Vloeren > PVC Vloeren > Therdexn > Premium; Vloeren > PVC Vloeren > Therdexn; Vloeren > PVC Vloeren; Vloeren"
Therdex Premium kleur 7005;49.95;pak;3.345;https://test.vloerenraamdecor.nl/import-images/therdex/7005.jpg;;;T7005;;60.96;15.24;0.55;2.5;registered embossed;;4315;Dryback;Therdexn;Premium;;"Vloeren > PVC Vloeren > Therdexn > Premium; Vloeren > PVC Vloeren > Therdexn; Vloeren > PVC Vloeren; Vloeren"
Therdex Premium kleur 7006;49.95;pak;3.345;https://test.vloerenraamdecor.nl/import-images/therdex/7006.jpg;;;T7006;;60.96;15.24;0.55;2.5;registered embossed;;4315;Dryback;Therdexn;Premium;;"Vloeren > PVC Vloeren > Therdexn > Premium; Vloeren > PVC Vloeren > Therdexn; Vloeren > PVC Vloeren; Vloeren"
Therdex Premium kleur 70010;49.95;pak;3.345;https://test.vloerenraamdecor.nl/import-images/therdex/70010.jpg;;;T70010;;121.9;22.8;0.55;2.5;registered embossed;;4315;Dryback;Therdexn;Premium;;"Vloeren > PVC Vloeren > Therdexn > Premium; Vloeren > PVC Vloeren > Therdexn; Vloeren > PVC Vloeren; Vloeren"
Therdex Premium kleur 70020;49.95;pak;3.345;https://test.vloerenraamdecor.nl/import-images/therdex/70020.jpg;;;T70020;;121.9;22.8;0.55;2.5;registered embossed;;4315;Dryback;Therdexn;Premium;;"Vloeren > PVC Vloeren > Therdexn > Premium; Vloeren > PVC Vloeren > Therdexn; Vloeren > PVC Vloeren; Vloeren"
Therdex Premium kleur 70030;49.95;pak;3.345;https://test.vloerenraamdecor.nl/import-images/therdex/70030.jpg;;;T70030;;121.9;22.8;0.55;2.5;registered embossed;;4315;Dryback;Therdexn;Premium;;"Vloeren > PVC Vloeren > Therdexn > Premium; Vloeren > PVC Vloeren > Therdexn; Vloeren > PVC Vloeren; Vloeren"
Therdex Premium kleur 70040;49.95;pak;3.345;https://test.vloerenraamdecor.nl/import-images/therdex/70040.jpg;;;T70040;;121.9;22.8;0.55;2.5;registered embossed;;4315;Dryback;Therdexn;Premium;;"Vloeren > PVC Vloeren > Therdexn > Premium; Vloeren > PVC Vloeren > Therdexn; Vloeren > PVC Vloeren; Vloeren"
Therdex Premium kleur 70050;49.95;pak;3.345;https://test.vloerenraamdecor.nl/import-images/therdex/70050.jpg;;;T70050;;121.9;22.8;0.55;2.5;registered embossed;;4315;Dryback;Therdexn;Premium;;"Vloeren > PVC Vloeren > Therdexn > Premium; Vloeren > PVC Vloeren > Therdexn; Vloeren > PVC Vloeren; Vloeren"
Therdex Premium kleur 70060;49.95;pak;3.345;https://test.vloerenraamdecor.nl/import-images/therdex/70060.jpg;;;T70060;;121.9;22.8;0.55;2.5;registered embossed;;4315;Dryback;Therdexn;Premium;;"Vloeren > PVC Vloeren > Therdexn > Premium; Vloeren > PVC Vloeren > Therdexn; Vloeren > PVC Vloeren; Vloeren"
Therdex Premium Click kleur 7001;59.95;pak;1.08;https://test.vloerenraamdecor.nl/import-images/therdex/7001.jpg;;;TC7001;;74.3;14.5;0.55;6;universal embossed;;;Click;Therdexn;Premium Click;;"Vloeren > PVC Vloeren > Therdexn > Premium Click; Vloeren > PVC Vloeren > Therdexn; Vloeren > PVC Vloeren; Vloeren"
Therdex Premium Click kleur 7004;59.95;pak;1.08;https://test.vloerenraamdecor.nl/import-images/therdex/7004.jpg;;;TC7004;;74.3;14.5;0.55;6;universal embossed;;;Click;Therdexn;Premium Click;;"Vloeren > PVC Vloeren > Therdexn > Premium Click; Vloeren > PVC Vloeren > Therdexn; Vloeren > PVC Vloeren; Vloeren"
Therdex Premium Click kleur 70010;59.95;pak;1.617;https://test.vloerenraamdecor.nl/import-images/therdex/70010.jpg;;;TC70010;;121.3;22.2;0.55;6;registered embossed;;9600;Click;Therdexn;Premium Click;;"Vloeren > PVC Vloeren > Therdexn > Premium Click; Vloeren > PVC Vloeren > Therdexn; Vloeren > PVC Vloeren; Vloeren"
Therdex Premium Click kleur 70040;59.95;pak;1.617;https://test.vloerenraamdecor.nl/import-images/therdex/70040.jpg;;;TC70040;;121.3;22.2;0.55;6;registered embossed;;9600;Click;Therdexn;Premium Click;;"Vloeren > PVC Vloeren > Therdexn > Premium Click; Vloeren > PVC Vloeren > Therdexn; Vloeren > PVC Vloeren; Vloeren"
Therdex Regular 1 kleur 2510;44.95;pak;3.345;https://test.vloerenraamdecor.nl/import-images/therdex/2510.jpg;;;T2510;;121.9;22.8;0.55;2.5;universal embossed;;4315;Dryback;Therdexn;Regular;;"Vloeren > PVC Vloeren > Therdexn > Regular; Vloeren > PVC Vloeren > Therdexn; Vloeren > PVC Vloeren; Vloeren"
Therdex Regular 1 kleur 2540;44.95;pak;3.345;https://test.vloerenraamdecor.nl/import-images/therdex/2540.jpg;;;T2540;;121.9;22.8;0.55;2.5;universal embossed;;4315;Dryback;Therdexn;Regular;;"Vloeren > PVC Vloeren > Therdexn > Regular; Vloeren > PVC Vloeren > Therdexn; Vloeren > PVC Vloeren; Vloeren"
Therdex Regular 1 kleur 2550;44.95;pak;3.345;https://test.vloerenraamdecor.nl/import-images/therdex/2550.jpg;;;T2550;;121.9;22.8;0.55;2.5;universal embossed;;4315;Dryback;Therdexn;Regular;;"Vloeren > PVC Vloeren > Therdexn > Regular; Vloeren > PVC Vloeren > Therdexn; Vloeren > PVC Vloeren; Vloeren"
Therdex Regular 1 kleur 2560;44.95;pak;3.345;https://test.vloerenraamdecor.nl/import-images/therdex/2560.jpg;;;T2560;;121.9;22.8;0.55;2.5;universal embossed;;4315;Dryback;Therdexn;Regular;;"Vloeren > PVC Vloeren > Therdexn > Regular; Vloeren > PVC Vloeren > Therdexn; Vloeren > PVC Vloeren; Vloeren"
Therdex Regular 2 kleur 3010;44.95;pak;3.345;https://test.vloerenraamdecor.nl/import-images/therdex/3010.jpg;;;T3010;;121.9;22.8;0.55;2.5;universal embossed;;4315;Dryback;Therdexn;Regular;;"Vloeren > PVC Vloeren > Therdexn > Regular; Vloeren > PVC Vloeren > Therdexn; Vloeren > PVC Vloeren; Vloeren"
Therdex Regular 2 kleur 3020;44.95;pak;3.345;https://test.vloerenraamdecor.nl/import-images/therdex/3020.jpg;;;T3020;;121.9;22.8;0.55;2.5;universal embossed;;4315;Dryback;Therdexn;Regular;;"Vloeren > PVC Vloeren > Therdexn > Regular; Vloeren > PVC Vloeren > Therdexn; Vloeren > PVC Vloeren; Vloeren"
Therdex Regular 2 kleur 3030;44.95;pak;3.345;https://test.vloerenraamdecor.nl/import-images/therdex/3030.jpg;;;T3030;;121.9;22.8;0.55;2.5;universal embossed;;4315;Dryback;Therdexn;Regular;;"Vloeren > PVC Vloeren > Therdexn > Regular; Vloeren > PVC Vloeren > Therdexn; Vloeren > PVC Vloeren; Vloeren"
Therdex Regular 2 kleur 3040;44.95;pak;3.345;https://test.vloerenraamdecor.nl/import-images/therdex/3040.jpg;;;T3040;;121.9;22.8;0.55;2.5;universal embossed;;4315;Dryback;Therdexn;Regular;;"Vloeren > PVC Vloeren > Therdexn > Regular; Vloeren > PVC Vloeren > Therdexn; Vloeren > PVC Vloeren; Vloeren"
Therdex Regular 1 kleur 6021;44.95;pak;3.345;https://test.vloerenraamdecor.nl/import-images/therdex/6021.jpg;;;T6021;;60.96;15.24;0.55;2.5;universal embossed;;4315;Dryback;Therdexn;Regular;;"Vloeren > PVC Vloeren > Therdexn > Regular; Vloeren > PVC Vloeren > Therdexn; Vloeren > PVC Vloeren; Vloeren"
Therdex Regular 1 kleur 6024;44.95;pak;3.345;https://test.vloerenraamdecor.nl/import-images/therdex/6024.jpg;;;T6024;;60.96;15.24;0.55;2.5;universal embossed;;4315;Dryback;Therdexn;Regular;;"Vloeren > PVC Vloeren > Therdexn > Regular; Vloeren > PVC Vloeren > Therdexn; Vloeren > PVC Vloeren; Vloeren"
Therdex Regular 1 kleur 6025;44.95;pak;3.345;https://test.vloerenraamdecor.nl/import-images/therdex/6025.jpg;;;T6025;;60.96;15.24;0.55;2.5;universal embossed;;4315;Dryback;Therdexn;Regular;;"Vloeren > PVC Vloeren > Therdexn > Regular; Vloeren > PVC Vloeren > Therdexn; Vloeren > PVC Vloeren; Vloeren"
Therdex Regular 1 kleur 6026;44.95;pak;3.345;https://test.vloerenraamdecor.nl/import-images/therdex/6026.jpg;;;T6026;;60.96;15.24;0.55;2.5;universal embossed;;4315;Dryback;Therdexn;Regular;;"Vloeren > PVC Vloeren > Therdexn > Regular; Vloeren > PVC Vloeren > Therdexn; Vloeren > PVC Vloeren; Vloeren"
Therdex Regular 2 kleur 6031;44.95;pak;3.345;https://test.vloerenraamdecor.nl/import-images/therdex/6031.jpg;;;T6031;;60.96;15.24;0.55;2.5;universal embossed;;4315;Dryback;Therdexn;Regular;;"Vloeren > PVC Vloeren > Therdexn > Regular; Vloeren > PVC Vloeren > Therdexn; Vloeren > PVC Vloeren; Vloeren"
Therdex Regular 2 kleur 6032;44.95;pak;3.345;https://test.vloerenraamdecor.nl/import-images/therdex/6032.jpg;;;T6032;;60.96;15.24;0.55;2.5;universal embossed;;4315;Dryback;Therdexn;Regular;;"Vloeren > PVC Vloeren > Therdexn > Regular; Vloeren > PVC Vloeren > Therdexn; Vloeren > PVC Vloeren; Vloeren"
Therdex Regular 2 kleur 6033;44.95;pak;3.345;https://test.vloerenraamdecor.nl/import-images/therdex/6033.jpg;;;T6033;;60.96;15.24;0.55;2.5;universal embossed;;4315;Dryback;Therdexn;Regular;;"Vloeren > PVC Vloeren > Therdexn > Regular; Vloeren > PVC Vloeren > Therdexn; Vloeren > PVC Vloeren; Vloeren"
Therdex Regular 2 kleur 6034;44.95;pak;3.345;https://test.vloerenraamdecor.nl/import-images/therdex/6034.jpg;;;T6034;;60.96;15.24;0.55;2.5;universal embossed;;4315;Dryback;Therdexn;Regular;;"Vloeren > PVC Vloeren > Therdexn > Regular; Vloeren > PVC Vloeren > Therdexn; Vloeren > PVC Vloeren; Vloeren"
Therdex Regular Click kleur 6032;59.95;pak;1.08;https://test.vloerenraamdecor.nl/import-images/therdex/6032.jpg;;;TC6032;;74.3;14.5;0.55;6;universal embossed;;;Click;Therdexn;Regular Click;;"Vloeren > PVC Vloeren > Therdexn > Regular Click; Vloeren > PVC Vloeren > Therdexn; Vloeren > PVC Vloeren; Vloeren"
Therdex Regular Click kleur 6033;59.95;pak;1.08;https://test.vloerenraamdecor.nl/import-images/therdex/6033.jpg;;;TC6033;;74.3;14.5;0.55;6;universal embossed;;;Click;Therdexn;Regular Click;;"Vloeren > PVC Vloeren > Therdexn > Regular Click; Vloeren > PVC Vloeren > Therdexn; Vloeren > PVC Vloeren; Vloeren"
Therdex Regular Click kleur 3020;59.95;pak;1.617;https://test.vloerenraamdecor.nl/import-images/therdex/3020.jpg;;;TC3020;;121.3;22.2;0.55;6;universal embossed;;9500;Click;Therdexn;Regular Click;;"Vloeren > PVC Vloeren > Therdexn > Regular Click; Vloeren > PVC Vloeren > Therdexn; Vloeren > PVC Vloeren; Vloeren"
Therdex Regular Click kleur 3030;59.95;pak;1.617;https://test.vloerenraamdecor.nl/import-images/therdex/3030.jpg;;;TC3030;;121.3;22.2;0.55;6;universal embossed;;9500;Click;Therdexn;Regular Click;;"Vloeren > PVC Vloeren > Therdexn > Regular Click; Vloeren > PVC Vloeren > Therdexn; Vloeren > PVC Vloeren; Vloeren"
Therdex Rustique kleur 7551;49.95;pak;2.92;https://test.vloerenraamdecor.nl/import-images/therdex/7551.jpg;;;T7551;;74.9;15;0.55;2.5;registered embossed;;4315;Dryback;Therdexn;Rustique;;"Vloeren > PVC Vloeren > Therdexn > Rustique; Vloeren > PVC Vloeren > Therdexn; Vloeren > PVC Vloeren; Vloeren"
Therdex Rustique kleur 7552;49.95;pak;2.92;https://test.vloerenraamdecor.nl/import-images/therdex/7552.jpg;;;T7552;;74.9;15;0.55;2.5;registered embossed;;4315;Dryback;Therdexn;Rustique;;"Vloeren > PVC Vloeren > Therdexn > Rustique; Vloeren > PVC Vloeren > Therdexn; Vloeren > PVC Vloeren; Vloeren"
Therdex Rustique kleur 7553;49.95;pak;2.92;https://test.vloerenraamdecor.nl/import-images/therdex/7553.jpg;;;T7553;;74.9;15;0.55;2.5;registered embossed;;4315;Dryback;Therdexn;Rustique;;"Vloeren > PVC Vloeren > Therdexn > Rustique; Vloeren > PVC Vloeren > Therdexn; Vloeren > PVC Vloeren; Vloeren"
Therdex Rustique kleur 7554;49.95;pak;2.92;https://test.vloerenraamdecor.nl/import-images/therdex/7554.jpg;;;T7554;;74.9;15;0.55;2.5;registered embossed;;4315;Dryback;Therdexn;Rustique;;"Vloeren > PVC Vloeren > Therdexn > Rustique; Vloeren > PVC Vloeren > Therdexn; Vloeren > PVC Vloeren; Vloeren"
Therdex Rustique kleur 7555;49.95;pak;2.92;https://test.vloerenraamdecor.nl/import-images/therdex/7555.jpg;;;T7555;;74.9;15;0.55;2.5;registered embossed;;4315;Dryback;Therdexn;Rustique;;"Vloeren > PVC Vloeren > Therdexn > Rustique; Vloeren > PVC Vloeren > Therdexn; Vloeren > PVC Vloeren; Vloeren"
Therdex Rustique kleur 15051;49.95;pak;3.468;https://test.vloerenraamdecor.nl/import-images/therdex/15051.jpg;;;T15051;;151.7;22.8;0.55;2.5;registered embossed;;4315;Dryback;Therdexn;Rustique;;"Vloeren > PVC Vloeren > Therdexn > Rustique; Vloeren > PVC Vloeren > Therdexn; Vloeren > PVC Vloeren; Vloeren"
Therdex Rustique kleur 15052;49.95;pak;3.468;https://test.vloerenraamdecor.nl/import-images/therdex/15052.jpg;;;T15052;;151.7;22.8;0.55;2.5;registered embossed;;4315;Dryback;Therdexn;Rustique;;"Vloeren > PVC Vloeren > Therdexn > Rustique; Vloeren > PVC Vloeren > Therdexn; Vloeren > PVC Vloeren; Vloeren"
Therdex Rustique kleur 15053;49.95;pak;3.468;https://test.vloerenraamdecor.nl/import-images/therdex/15053.jpg;;;T15053;;151.7;22.8;0.55;2.5;registered embossed;;4315;Dryback;Therdexn;Rustique;;"Vloeren > PVC Vloeren > Therdexn > Rustique; Vloeren > PVC Vloeren > Therdexn; Vloeren > PVC Vloeren; Vloeren"
Therdex Rustique kleur 15054;49.95;pak;3.468;https://test.vloerenraamdecor.nl/import-images/therdex/15054.jpg;;;T15054;;151.7;22.8;0.55;2.5;registered embossed;;4315;Dryback;Therdexn;Rustique;;"Vloeren > PVC Vloeren > Therdexn > Rustique; Vloeren > PVC Vloeren > Therdexn; Vloeren > PVC Vloeren; Vloeren"
Therdex Rustique kleur 15055;49.95;pak;3.468;https://test.vloerenraamdecor.nl/import-images/therdex/15055.jpg;;;T15055;;151.7;22.8;0.55;2.5;registered embossed;;4315;Dryback;Therdexn;Rustique;;"Vloeren > PVC Vloeren > Therdexn > Rustique; Vloeren > PVC Vloeren > Therdexn; Vloeren > PVC Vloeren; Vloeren"
Therdex Rustique Click kleur 7551;59.95;pak;1.08;https://test.vloerenraamdecor.nl/import-images/therdex/7551.jpg;;;TC7551;;74.3;14.5;0.55;6;registered embossed;;;Click;Therdexn;Rustique Click;;"Vloeren > PVC Vloeren > Therdexn > Rustique Click; Vloeren > PVC Vloeren > Therdexn; Vloeren > PVC Vloeren; Vloeren"
Therdex Rustique Click kleur 7552;59.95;pak;1.08;https://test.vloerenraamdecor.nl/import-images/therdex/7552.jpg;;;TC7552;;74.3;14.5;0.55;6;registered embossed;;;Click;Therdexn;Rustique Click;;"Vloeren > PVC Vloeren > Therdexn > Rustique Click; Vloeren > PVC Vloeren > Therdexn; Vloeren > PVC Vloeren; Vloeren"
Therdex Rustique Click kleur 7553;59.95;pak;1.08;https://test.vloerenraamdecor.nl/import-images/therdex/7553.jpg;;;TC7553;;74.3;14.5;0.55;6;registered embossed;;;Click;Therdexn;Rustique Click;;"Vloeren > PVC Vloeren > Therdexn > Rustique Click; Vloeren > PVC Vloeren > Therdexn; Vloeren > PVC Vloeren; Vloeren"
Therdex Rustique Click kleur 7554;59.95;pak;1.08;https://test.vloerenraamdecor.nl/import-images/therdex/7554.jpg;;;TC7554;;74.3;14.5;0.55;6;registered embossed;;;Click;Therdexn;Rustique Click;;"Vloeren > PVC Vloeren > Therdexn > Rustique Click; Vloeren > PVC Vloeren > Therdexn; Vloeren > PVC Vloeren; Vloeren"
Therdex Rustique Click kleur 7555;59.95;pak;1.08;https://test.vloerenraamdecor.nl/import-images/therdex/7555.jpg;;;TC7555;;74.3;14.5;0.55;6;registered embossed;;;Click;Therdexn;Rustique Click;;"Vloeren > PVC Vloeren > Therdexn > Rustique Click; Vloeren > PVC Vloeren > Therdexn; Vloeren > PVC Vloeren; Vloeren"
Therdex Rustique Click kleur 15051;59.95;pak;2.139;https://test.vloerenraamdecor.nl/import-images/therdex/15051.jpg;;;TC15051;;151.77;22.86;0.55;6;registered embossed;;;Click;Therdexn;Rustique Click;;"Vloeren > PVC Vloeren > Therdexn > Rustique Click; Vloeren > PVC Vloeren > Therdexn; Vloeren > PVC Vloeren; Vloeren"
Therdex Rustique Click kleur 15052;59.95;pak;2.139;https://test.vloerenraamdecor.nl/import-images/therdex/15052.jpg;;;TC15052;;151.77;22.86;0.55;6;registered embossed;;;Click;Therdexn;Rustique Click;;"Vloeren > PVC Vloeren > Therdexn > Rustique Click; Vloeren > PVC Vloeren > Therdexn; Vloeren > PVC Vloeren; Vloeren"
Therdex Rustique Click kleur 15053;59.95;pak;2.139;https://test.vloerenraamdecor.nl/import-images/therdex/15053.jpg;;;TC15053;;151.77;22.86;0.55;6;registered embossed;;;Click;Therdexn;Rustique Click;;"Vloeren > PVC Vloeren > Therdexn > Rustique Click; Vloeren > PVC Vloeren > Therdexn; Vloeren > PVC Vloeren; Vloeren"
Therdex Rustique Click kleur 15054;59.95;pak;2.139;https://test.vloerenraamdecor.nl/import-images/therdex/15054.jpg;;;TC15054;;151.77;22.86;0.55;6;registered embossed;;;Click;Therdexn;Rustique Click;;"Vloeren > PVC Vloeren > Therdexn > Rustique Click; Vloeren > PVC Vloeren > Therdexn; Vloeren > PVC Vloeren; Vloeren"
Therdex Rustique Click kleur 15055;59.95;pak;2.139;https://test.vloerenraamdecor.nl/import-images/therdex/15055.jpg;;;TC15055;;151.77;22.86;0.55;6;registered embossed;;;Click;Therdexn;Rustique Click;;"Vloeren > PVC Vloeren > Therdexn > Rustique Click; Vloeren > PVC Vloeren > Therdexn; Vloeren > PVC Vloeren; Vloeren"
Therdex Stone 1 Concrete 100x100 kleur 10012;49.95;pak;4;https://test.vloerenraamdecor.nl/import-images/therdex/10012.jpg;;;T10012;;100;100;0.55;2.5;universal embossed;;4315;Dryback;Therdexn;Stone;;"Vloeren > PVC Vloeren > Therdexn > Stone; Vloeren > PVC Vloeren > Therdexn; Vloeren > PVC Vloeren; Vloeren"
Therdex Stone 1 Concrete 100x100 kleur 10013;49.95;pak;4;https://test.vloerenraamdecor.nl/import-images/therdex/10013.jpg;;;T10013;;100;100;0.55;2.5;universal embossed;;4315;Dryback;Therdexn;Stone;;"Vloeren > PVC Vloeren > Therdexn > Stone; Vloeren > PVC Vloeren > Therdexn; Vloeren > PVC Vloeren; Vloeren"
Therdex Stone 1 Concrete 100x100 kleur 10016;49.95;pak;4;https://test.vloerenraamdecor.nl/import-images/therdex/10016.jpg;;;T10016;;100;100;0.55;2.5;universal embossed;;4315;Dryback;Therdexn;Stone;;"Vloeren > PVC Vloeren > Therdexn > Stone; Vloeren > PVC Vloeren > Therdexn; Vloeren > PVC Vloeren; Vloeren"
Therdex Stone 1 Rustique 100x100 kleur 10021;49.95;pak;4;https://test.vloerenraamdecor.nl/import-images/therdex/10021.jpg;;;T10021;;100;100;0.55;2.5;universal embossed;;4315;Dryback;Therdexn;Stone;;"Vloeren > PVC Vloeren > Therdexn > Stone; Vloeren > PVC Vloeren > Therdexn; Vloeren > PVC Vloeren; Vloeren"
Therdex Stone 1 Rustique 100x100 kleur 10022;49.95;pak;4;https://test.vloerenraamdecor.nl/import-images/therdex/10022.jpg;;;T10022;;100;100;0.55;2.5;universal embossed;;4315;Dryback;Therdexn;Stone;;"Vloeren > PVC Vloeren > Therdexn > Stone; Vloeren > PVC Vloeren > Therdexn; Vloeren > PVC Vloeren; Vloeren"
Therdex Stone 1 Rustique 100x100 kleur 10023;49.95;pak;4;https://test.vloerenraamdecor.nl/import-images/therdex/10023.jpg;;;T10023;;100;100;0.55;2.5;universal embossed;;4315;Dryback;Therdexn;Stone;;"Vloeren > PVC Vloeren > Therdexn > Stone; Vloeren > PVC Vloeren > Therdexn; Vloeren > PVC Vloeren; Vloeren"
Therdex Stone 1 Rustique 100x100 kleur 10024;49.95;pak;4;https://test.vloerenraamdecor.nl/import-images/therdex/10024.jpg;;;T10024;;100;100;0.55;2.5;universal embossed;;4315;Dryback;Therdexn;Stone;;"Vloeren > PVC Vloeren > Therdexn > Stone; Vloeren > PVC Vloeren > Therdexn; Vloeren > PVC Vloeren; Vloeren"
Therdex Stone 1 Amato 90x45 kleur 4511;49.95;pak;3.763;https://test.vloerenraamdecor.nl/import-images/therdex/4511.jpg;;;T4511;;91.44;45.72;0.55;2.5;universal embossed;;4315;Dryback;Therdexn;Stone;;"Vloeren > PVC Vloeren > Therdexn > Stone; Vloeren > PVC Vloeren > Therdexn; Vloeren > PVC Vloeren; Vloeren"
Therdex Stone 1 Amato 90x45 kleur 4512;49.95;pak;3.763;https://test.vloerenraamdecor.nl/import-images/therdex/4512.jpg;;;T4512;;91.44;45.72;0.55;2.5;universal embossed;;4315;Dryback;Therdexn;Stone;;"Vloeren > PVC Vloeren > Therdexn > Stone; Vloeren > PVC Vloeren > Therdexn; Vloeren > PVC Vloeren; Vloeren"
Therdex Stone 1 Amato 90x90 kleur 9011;49.95;pak;4.181;https://test.vloerenraamdecor.nl/import-images/therdex/9011.jpg;;;T9011;;91.44;91.44;0.55;2.5;universal embossed;;4315;Dryback;Therdexn;Stone;;"Vloeren > PVC Vloeren > Therdexn > Stone; Vloeren > PVC Vloeren > Therdexn; Vloeren > PVC Vloeren; Vloeren"
Therdex Stone 1 Amato 90x90 kleur 9012;49.95;pak;4.181;https://test.vloerenraamdecor.nl/import-images/therdex/9012.jpg;;;T9012;;91.44;91.44;0.55;2.5;universal embossed;;4315;Dryback;Therdexn;Stone;;"Vloeren > PVC Vloeren > Therdexn > Stone; Vloeren > PVC Vloeren > Therdexn; Vloeren > PVC Vloeren; Vloeren"
Therdex Stone 2 Graphic 100x100 kleur 10031;49.95;pak;4;https://test.vloerenraamdecor.nl/import-images/therdex/10031.jpg;;;T10031;;100;100;0.55;2.5;universal embossed;;4315;Dryback;Therdexn;Stone;;"Vloeren > PVC Vloeren > Therdexn > Stone; Vloeren > PVC Vloeren > Therdexn; Vloeren > PVC Vloeren; Vloeren"
Therdex Stone 2 Graphic 100x100 kleur 10032;49.95;pak;4;https://test.vloerenraamdecor.nl/import-images/therdex/10032.jpg;;;T10032;;100;100;0.55;2.5;universal embossed;;4315;Dryback;Therdexn;Stone;;"Vloeren > PVC Vloeren > Therdexn > Stone; Vloeren > PVC Vloeren > Therdexn; Vloeren > PVC Vloeren; Vloeren"
Therdex Stone 2 Graphic 100x100 kleur 10033;49.95;pak;4;https://test.vloerenraamdecor.nl/import-images/therdex/10033.jpg;;;T10033;;100;100;0.55;2.5;universal embossed;;4315;Dryback;Therdexn;Stone;;"Vloeren > PVC Vloeren > Therdexn > Stone; Vloeren > PVC Vloeren > Therdexn; Vloeren > PVC Vloeren; Vloeren"
Therdex Stone 2 Graphic 100x100 kleur 10034;49.95;pak;4;https://test.vloerenraamdecor.nl/import-images/therdex/10034.jpg;;;T10034;;100;100;0.55;2.5;universal embossed;;4315;Dryback;Therdexn;Stone;;"Vloeren > PVC Vloeren > Therdexn > Stone; Vloeren > PVC Vloeren > Therdexn; Vloeren > PVC Vloeren; Vloeren"
Therdex Stone 2 Dynamic 100x100 kleur 10041;49.95;pak;4;https://test.vloerenraamdecor.nl/import-images/therdex/10041.jpg;;;T10041;;100;100;0.55;2.5;universal embossed;;4315;Dryback;Therdexn;Stone;;"Vloeren > PVC Vloeren > Therdexn > Stone; Vloeren > PVC Vloeren > Therdexn; Vloeren > PVC Vloeren; Vloeren"
Therdex Stone 2 Dynamic 100x100 kleur 10042;49.95;pak;4;https://test.vloerenraamdecor.nl/import-images/therdex/10042.jpg;;;T10042;;100;100;0.55;2.5;universal embossed;;4315;Dryback;Therdexn;Stone;;"Vloeren > PVC Vloeren > Therdexn > Stone; Vloeren > PVC Vloeren > Therdexn; Vloeren > PVC Vloeren; Vloeren"
Therdex Stone 2 Dynamic 100x100 kleur 10043;49.95;pak;4;https://test.vloerenraamdecor.nl/import-images/therdex/10043.jpg;;;T10043;;100;100;0.55;2.5;universal embossed;;4315;Dryback;Therdexn;Stone;;"Vloeren > PVC Vloeren > Therdexn > Stone; Vloeren > PVC Vloeren > Therdexn; Vloeren > PVC Vloeren; Vloeren"
Therdex Stone 2 Dynamic 100x100 kleur 10044;49.95;pak;4;https://test.vloerenraamdecor.nl/import-images/therdex/10044.jpg;;;T10044;;100;100;0.55;2.5;universal embossed;;4315;Dryback;Therdexn;Stone;;"Vloeren > PVC Vloeren > Therdexn > Stone; Vloeren > PVC Vloeren > Therdexn; Vloeren > PVC Vloeren; Vloeren"
Therdex Stone 2 Unique 100x100 kleur 10051;49.95;pak;4;https://test.vloerenraamdecor.nl/import-images/therdex/10051.jpg;;;T10051;;100;100;0.55;2.5;universal embossed;;4315;Dryback;Therdexn;Stone;;"Vloeren > PVC Vloeren > Therdexn > Stone; Vloeren > PVC Vloeren > Therdexn; Vloeren > PVC Vloeren; Vloeren"
Therdex Stone 2 Unique 100x100 kleur 10052;49.95;pak;4;https://test.vloerenraamdecor.nl/import-images/therdex/10052.jpg;;;T10052;;100;100;0.55;2.5;universal embossed;;4315;Dryback;Therdexn;Stone;;"Vloeren > PVC Vloeren > Therdexn > Stone; Vloeren > PVC Vloeren > Therdexn; Vloeren > PVC Vloeren; Vloeren"
Therdex Stone 2 Unique 100x100 kleur 10053;49.95;pak;4;https://test.vloerenraamdecor.nl/import-images/therdex/10053.jpg;;;T10053;;100;100;0.55;2.5;universal embossed;;4315;Dryback;Therdexn;Stone;;"Vloeren > PVC Vloeren > Therdexn > Stone; Vloeren > PVC Vloeren > Therdexn; Vloeren > PVC Vloeren; Vloeren"
Therdex Stone 2 Unique 100x100 kleur 10054;49.95;pak;4;https://test.vloerenraamdecor.nl/import-images/therdex/10054.jpg;;;T10054;;100;100;0.55;2.5;universal embossed;;4315;Dryback;Therdexn;Stone;;"Vloeren > PVC Vloeren > Therdexn > Stone; Vloeren > PVC Vloeren > Therdexn; Vloeren > PVC Vloeren; Vloeren"
Therdex Stone 1 Concrete Click  91x45 kleur 10013;59.95;pak;1.638;https://test.vloerenraamdecor.nl/import-images/therdex/10013.jpg;;;TC10013;;90.8;45.1;0.55;6;universal embossed;;9500;Click;Therdexn;Stone Click;;"Vloeren > PVC Vloeren > Therdexn > Stone Click; Vloeren > PVC Vloeren > Therdexn; Vloeren > PVC Vloeren; Vloeren"
Therdex Stone 1 Concrete Click  91x45 kleur 10016;59.95;pak;1.638;https://test.vloerenraamdecor.nl/import-images/therdex/10016.jpg;;;TC10016;;90.8;45.1;0.55;6;universal embossed;;9500;Click;Therdexn;Stone Click;;"Vloeren > PVC Vloeren > Therdexn > Stone Click; Vloeren > PVC Vloeren > Therdexn; Vloeren > PVC Vloeren; Vloeren"
Therdex Stone 1 Amato Click  91x45 kleur 4511;59.95;pak;1.638;https://test.vloerenraamdecor.nl/import-images/therdex/4511.jpg;;;TC4511;;90.8;45.1;0.55;6;universal embossed;;9500;Click;Therdexn;Stone Click;;"Vloeren > PVC Vloeren > Therdexn > Stone Click; Vloeren > PVC Vloeren > Therdexn; Vloeren > PVC Vloeren; Vloeren"
Therdex Stone 1 Amato Click  91x45 kleur 4512;59.95;pak;1.638;https://test.vloerenraamdecor.nl/import-images/therdex/4512.jpg;;;TC4512;;90.8;45.1;0.55;6;universal embossed;;9500;Click;Therdexn;Stone Click;;"Vloeren > PVC Vloeren > Therdexn > Stone Click; Vloeren > PVC Vloeren > Therdexn; Vloeren > PVC Vloeren; Vloeren"
Therdex Stone 1 Rustique Click 91x45 kleur 10022;59.95;pak;1.638;https://test.vloerenraamdecor.nl/import-images/therdex/10022.jpg;;;TC10022;;90.8;45.1;0.55;6;universal embossed;;9500;Click;Therdexn;Stone Click;;"Vloeren > PVC Vloeren > Therdexn > Stone Click; Vloeren > PVC Vloeren > Therdexn; Vloeren > PVC Vloeren; Vloeren"
Therdex Stone 1 Rustique Click 91x45 kleur 10023;59.95;pak;1.638;https://test.vloerenraamdecor.nl/import-images/therdex/10023.jpg;;;TC10023;;90.8;45.1;0.55;6;universal embossed;;9500;Click;Therdexn;Stone Click;;"Vloeren > PVC Vloeren > Therdexn > Stone Click; Vloeren > PVC Vloeren > Therdexn; Vloeren > PVC Vloeren; Vloeren"
Therdex Tapis kleur 4001;49.95;pak;1.404;https://test.vloerenraamdecor.nl/import-images/therdex/4001.jpg;;;T4001;;40.64;10.16;0.55;2.5;registered embossed;;4315;Dryback;Therdexn;Tapis;;"Vloeren > PVC Vloeren > Therdexn > Tapis; Vloeren > PVC Vloeren > Therdexn; Vloeren > PVC Vloeren; Vloeren"
Therdex Tapis kleur 4003;49.95;pak;1.404;https://test.vloerenraamdecor.nl/import-images/therdex/4003.jpg;;;T4003;;40.64;10.16;0.55;2.5;registered embossed;;4315;Dryback;Therdexn;Tapis;;"Vloeren > PVC Vloeren > Therdexn > Tapis; Vloeren > PVC Vloeren > Therdexn; Vloeren > PVC Vloeren; Vloeren"
Therdex Tapis kleur 4005;49.95;pak;1.404;https://test.vloerenraamdecor.nl/import-images/therdex/4005.jpg;;;T4005;;40.64;10.16;0.55;2.5;registered embossed;;4315;Dryback;Therdexn;Tapis;;"Vloeren > PVC Vloeren > Therdexn > Tapis; Vloeren > PVC Vloeren > Therdexn; Vloeren > PVC Vloeren; Vloeren"
Therdex Tapis kleur 4007;49.95;pak;1.404;https://test.vloerenraamdecor.nl/import-images/therdex/4007.jpg;;;T4007;;40.64;10.16;0.55;2.5;registered embossed;;4315;Dryback;Therdexn;Tapis;;"Vloeren > PVC Vloeren > Therdexn > Tapis; Vloeren > PVC Vloeren > Therdexn; Vloeren > PVC Vloeren; Vloeren"
Therdex Tapis kleur 4010;49.95;pak;3.345;https://test.vloerenraamdecor.nl/import-images/therdex/4010.jpg;;;T4010;;121.9;22.8;0.55;2.5;registered embossed;;4315;Dryback;Therdexn;Tapis;;"Vloeren > PVC Vloeren > Therdexn > Tapis; Vloeren > PVC Vloeren > Therdexn; Vloeren > PVC Vloeren; Vloeren"
Therdex Tapis kleur 4030;49.95;pak;3.345;https://test.vloerenraamdecor.nl/import-images/therdex/4030.jpg;;;T4030;;121.9;22.8;0.55;2.5;registered embossed;;4315;Dryback;Therdexn;Tapis;;"Vloeren > PVC Vloeren > Therdexn > Tapis; Vloeren > PVC Vloeren > Therdexn; Vloeren > PVC Vloeren; Vloeren"
Therdex Tapis kleur 4050;49.95;pak;3.345;https://test.vloerenraamdecor.nl/import-images/therdex/4050.jpg;;;T4050;;121.9;22.8;0.55;2.5;registered embossed;;4315;Dryback;Therdexn;Tapis;;"Vloeren > PVC Vloeren > Therdexn > Tapis; Vloeren > PVC Vloeren > Therdexn; Vloeren > PVC Vloeren; Vloeren"
Therdex Tapis kleur 4070;49.95;pak;3.345;https://test.vloerenraamdecor.nl/import-images/therdex/4070.jpg;;;T4070;;121.9;22.8;0.55;2.5;registered embossed;;4315;Dryback;Therdexn;Tapis;;"Vloeren > PVC Vloeren > Therdexn > Tapis; Vloeren > PVC Vloeren > Therdexn; Vloeren > PVC Vloeren; Vloeren"
Therdex Tapis Click kleur 4010;59.95;pak;1.617;https://test.vloerenraamdecor.nl/import-images/therdex/4010.jpg;;;TC4010;;121.3;22.2;0.55;6;registered embossed;;9500;Click;Therdexn;Tapis Click;;"Vloeren > PVC Vloeren > Therdexn > Tapis Click; Vloeren > PVC Vloeren > Therdexn; Vloeren > PVC Vloeren; Vloeren"
Therdex Tapis Click kleur 4030;59.95;pak;1.617;https://test.vloerenraamdecor.nl/import-images/therdex/4030.jpg;;;TC4030;;121.3;22.2;0.55;6;registered embossed;;9500;Click;Therdexn;Tapis Click;;"Vloeren > PVC Vloeren > Therdexn > Tapis Click; Vloeren > PVC Vloeren > Therdexn; Vloeren > PVC Vloeren; Vloeren"
Therdex Tapis Click kleur 4050;59.95;pak;1.617;https://test.vloerenraamdecor.nl/import-images/therdex/4050.jpg;;;TC4050;;121.3;22.2;0.55;6;registered embossed;;9500;Click;Therdexn;Tapis Click;;"Vloeren > PVC Vloeren > Therdexn > Tapis Click; Vloeren > PVC Vloeren > Therdexn; Vloeren > PVC Vloeren; Vloeren"
Therdex Tapis Click kleur 4070;59.95;pak;1.617;https://test.vloerenraamdecor.nl/import-images/therdex/4070.jpg;;;TC4070;;121.3;22.2;0.55;6;registered embossed;;9500;Click;Therdexn;Tapis Click;;"Vloeren > PVC Vloeren > Therdexn > Tapis Click; Vloeren > PVC Vloeren > Therdexn; Vloeren > PVC Vloeren; Vloeren"
Therdex XstraLong kleur 18010;59.95;pak;3.345;https://test.vloerenraamdecor.nl/import-images/therdex/18010.jpg;;;T18010;;182.9;22.8;0.55;3;registered embossed;;5178;Dryback;Therdexn;XstraLong;;"Vloeren > PVC Vloeren > Therdexn > XstraLong; Vloeren > PVC Vloeren > Therdexn; Vloeren > PVC Vloeren; Vloeren"
Therdex XstraLong kleur 18040;59.95;pak;3.345;https://test.vloerenraamdecor.nl/import-images/therdex/18040.jpg;;;T18040;;182.9;22.8;0.55;3;registered embossed;;5178;Dryback;Therdexn;XstraLong;;"Vloeren > PVC Vloeren > Therdexn > XstraLong; Vloeren > PVC Vloeren > Therdexn; Vloeren > PVC Vloeren; Vloeren"
Therdex XstraLong kleur 18050;59.95;pak;3.345;https://test.vloerenraamdecor.nl/import-images/therdex/18050.jpg;;;T18050;;182.9;22.8;0.55;3;registered embossed;;5178;Dryback;Therdexn;XstraLong;;"Vloeren > PVC Vloeren > Therdexn > XstraLong; Vloeren > PVC Vloeren > Therdexn; Vloeren > PVC Vloeren; Vloeren"
Therdex XstraLong kleur 18060;59.95;pak;3.345;https://test.vloerenraamdecor.nl/import-images/therdex/18060.jpg;;;T18060;;182.9;22.8;0.55;3;registered embossed;;5178;Dryback;Therdexn;XstraLong;;"Vloeren > PVC Vloeren > Therdexn > XstraLong; Vloeren > PVC Vloeren > Therdexn; Vloeren > PVC Vloeren; Vloeren"
Therdex XstraLong kleur 18070;59.95;pak;3.345;https://test.vloerenraamdecor.nl/import-images/therdex/18070.jpg;;;T18070;;182.9;22.8;0.55;3;registered embossed;;5178;Dryback;Therdexn;XstraLong;;"Vloeren > PVC Vloeren > Therdexn > XstraLong; Vloeren > PVC Vloeren > Therdexn; Vloeren > PVC Vloeren; Vloeren"
Therdex XstraLong kleur 18080;59.95;pak;3.345;https://test.vloerenraamdecor.nl/import-images/therdex/18080.jpg;;;T18080;;182.9;22.8;0.55;3;registered embossed;;5178;Dryback;Therdexn;XstraLong;;"Vloeren > PVC Vloeren > Therdexn > XstraLong; Vloeren > PVC Vloeren > Therdexn; Vloeren > PVC Vloeren; Vloeren"
Therdex XstraLong kleur 18090;59.95;pak;3.345;https://test.vloerenraamdecor.nl/import-images/therdex/18090.jpg;;;T18090;;182.9;22.8;0.55;3;registered embossed;;5178;Dryback;Therdexn;XstraLong;;"Vloeren > PVC Vloeren > Therdexn > XstraLong; Vloeren > PVC Vloeren > Therdexn; Vloeren > PVC Vloeren; Vloeren"
Therdex XstraLong kleur 18100;59.95;pak;3.345;https://test.vloerenraamdecor.nl/import-images/therdex/18100.jpg;;;T18100;;182.9;22.8;0.55;3;registered embossed;;5178;Dryback;Therdexn;XstraLong;;"Vloeren > PVC Vloeren > Therdexn > XstraLong; Vloeren > PVC Vloeren > Therdexn; Vloeren > PVC Vloeren; Vloeren"
